Participant,Trial,code_file,Programming_Language,Expertise,Complexity,Stage,Story_Order_Naive_Score,Story_Order_Dynamic_Score,Story_Order_Dynamic_Repetitions,Execution_Order_Naive_Score,Execution_Order_Dynamic_Score,Execution_Order_Dynamic_Repetitions
147,5,vehicle_java2.jpg,Java,medium,B,stage1,-36,-36,1,-34,-34,1
147,5,vehicle_java2.jpg,Java,medium,B,stage2,-28,-28,1,-32,-32,1
147,5,vehicle_java2.jpg,Java,medium,B,stage3,-43,-43,1,-35,-35,1
147,2,rectangle_java2.jpg,Java,medium,A,stage1,-39,-39,1,-33,-33,1
147,2,rectangle_java2.jpg,Java,medium,A,stage2,-41,-41,1,-44,-44,1
147,2,rectangle_java2.jpg,Java,medium,A,stage3,-52,-52,1,-52,-52,1
51,5,rectangle_java2.jpg,Java,medium,A,stage3,-35,-35,1,-36,-36,1
51,2,vehicle_java2.jpg,Java,medium,B,stage3,-24,-24,1,-34,-34,1
51,2,vehicle_java2.jpg,Java,medium,B,stage2,-11,-11,1,-9,-9,1
51,5,rectangle_java2.jpg,Java,medium,A,stage2,-23,-23,1,-37,-37,1
51,2,vehicle_java2.jpg,Java,medium,B,stage1,-32,-32,1,-28,-28,1
51,5,rectangle_java2.jpg,Java,medium,A,stage1,-5,-5,1,-15,-15,1
178,2,rectangle_java2.jpg,Java,high,A,stage1,-24,-24,1,-21,-21,1
178,2,rectangle_java2.jpg,Java,high,A,stage3,-35,-35,1,-42,-42,1
178,2,rectangle_java2.jpg,Java,high,A,stage2,-46,-43,2,-35,-35,1
178,5,vehicle_java2.jpg,Java,high,B,stage1,-51,-51,1,-49,-49,1
178,5,vehicle_java2.jpg,Java,high,B,stage3,-30,-30,1,-45,-45,1
178,5,vehicle_java2.jpg,Java,high,B,stage2,-17,-17,1,-19,-19,1
140,2,vehicle_java2.jpg,Java,high,B,stage2,-54,-54,1,-57,-57,1
140,2,vehicle_java2.jpg,Java,high,B,stage3,-28,-28,1,-54,-54,1
140,2,vehicle_java2.jpg,Java,high,B,stage1,-27,-27,1,-23,-23,1
140,5,rectangle_java2.jpg,Java,high,A,stage2,-28,-28,1,-44,-44,1
140,5,rectangle_java2.jpg,Java,high,A,stage3,-44,-44,1,-42,-42,1
140,5,rectangle_java2.jpg,Java,high,A,stage1,-8,-8,1,-20,-20,1
56,5,rectangle_java2.jpg,Java,high,A,stage2,-27,-27,1,-40,-40,1
56,5,rectangle_java2.jpg,Java,high,A,stage3,-25,-25,1,-38,-38,1
56,5,rectangle_java2.jpg,Java,high,A,stage1,-13,-13,1,-26,-26,1
56,2,vehicle_java2.jpg,Java,high,B,stage3,-35,-35,1,-44,-44,1
56,2,vehicle_java2.jpg,Java,high,B,stage2,-42,-42,1,-38,-38,1
56,2,vehicle_java2.jpg,Java,high,B,stage1,-27,-27,1,-23,-23,1
69,2,rectangle_java2.jpg,Java,high,A,stage1,-15,-15,1,-23,-23,1
69,5,vehicle_java2.jpg,Java,high,B,stage1,-11,-11,1,-13,-13,1
69,2,rectangle_java2.jpg,Java,high,A,stage2,-30,-28,2,-30,-30,1
69,5,vehicle_java2.jpg,Java,high,B,stage2,-41,-34,2,-25,-25,1
69,5,vehicle_java2.jpg,Java,high,B,stage3,-73,-72,2,-68,-68,1
69,2,rectangle_java2.jpg,Java,high,A,stage3,-54,-54,1,-41,-41,1
176,2,rectangle_java2.jpg,Java,low,A,stage3,-77,-70,2,-91,-91,1
176,2,rectangle_java2.jpg,Java,low,A,stage2,-55,-54,2,-39,-39,1
176,2,rectangle_java2.jpg,Java,low,A,stage1,-24,-24,1,-33,-33,1
176,5,vehicle_java2.jpg,Java,low,B,stage1,-8,-8,1,-12,-12,1
176,5,vehicle_java2.jpg,Java,low,B,stage2,-49,-48,2,-41,-41,1
176,5,vehicle_java2.jpg,Java,low,B,stage3,-51,-51,1,-67,-67,1
60,5,rectangle_java2.jpg,Java,medium,A,stage1,-21,-21,1,-29,-29,1
60,5,rectangle_java2.jpg,Java,medium,A,stage2,-27,-27,1,-33,-33,1
60,5,rectangle_java2.jpg,Java,medium,A,stage3,-30,-30,1,-42,-42,1
60,2,vehicle_java2.jpg,Java,medium,B,stage3,-30,-30,1,-24,-24,1
60,2,vehicle_java2.jpg,Java,medium,B,stage2,-29,-29,1,-39,-39,1
60,2,vehicle_java2.jpg,Java,medium,B,stage1,-22,-22,1,-21,-21,1
182,5,rectangle_java2.jpg,Java,medium,A,stage1,-16,-16,1,-25,-25,1
182,5,rectangle_java2.jpg,Java,medium,A,stage3,-42,-42,1,-37,-37,1
182,5,rectangle_java2.jpg,Java,medium,A,stage2,-26,-26,1,-37,-37,1
182,2,vehicle_java2.jpg,Java,medium,B,stage3,-80,-80,1,-73,-73,1
182,2,vehicle_java2.jpg,Java,medium,B,stage2,-66,-66,1,-59,-57,2
182,2,vehicle_java2.jpg,Java,medium,B,stage1,-57,-57,1,-61,-61,1
94,5,vehicle_java2.jpg,Java,medium,B,stage1,-7,-7,1,-11,-11,1
94,2,rectangle_java2.jpg,Java,medium,A,stage2,-17,-17,1,-25,-25,1
94,2,rectangle_java2.jpg,Java,medium,A,stage3,-8,-8,1,-41,-41,1
94,5,vehicle_java2.jpg,Java,medium,B,stage2,-30,-30,1,-38,-38,1
94,2,rectangle_java2.jpg,Java,medium,A,stage1,-37,-37,1,-44,-44,1
94,5,vehicle_java2.jpg,Java,medium,B,stage3,-10,-10,1,-20,-20,1
185,2,rectangle_java2.jpg,Java,medium,A,stage3,-29,-29,1,-30,-30,1
185,2,rectangle_java2.jpg,Java,medium,A,stage2,-21,-21,1,-41,-41,1
185,2,rectangle_java2.jpg,Java,medium,A,stage1,2,2,1,-20,-20,1
93,2,vehicle_java.jpg,Java,none,B,stage2,-33,-33,1,-31,-31,1
93,2,vehicle_java.jpg,Java,none,B,stage3,-33,-33,1,-37,-37,1
93,2,vehicle_java.jpg,Java,none,B,stage1,-34,-34,1,-32,-32,1
93,5,rectangle_java.jpg,Java,none,A,stage1,-22,-22,1,-38,-38,1
93,5,rectangle_java.jpg,Java,none,A,stage2,-23,-23,1,-32,-32,1
93,5,rectangle_java.jpg,Java,none,A,stage3,-13,-13,1,-29,-29,1
171,5,rectangle_java2.jpg,Java,medium,A,stage1,-22,-22,1,-28,-28,1
171,5,rectangle_java2.jpg,Java,medium,A,stage3,-30,-30,1,-41,-41,1
171,5,rectangle_java2.jpg,Java,medium,A,stage2,-24,-24,1,-29,-29,1
171,2,vehicle_java2.jpg,Java,medium,B,stage2,-37,-37,1,-48,-48,1
171,2,vehicle_java2.jpg,Java,medium,B,stage3,-40,-40,1,-25,-25,1
171,2,vehicle_java2.jpg,Java,medium,B,stage1,-15,-15,1,-16,-16,1
67,2,rectangle_java2.jpg,Java,high,A,stage2,-28,-28,1,-48,-48,1
67,2,rectangle_java2.jpg,Java,high,A,stage3,-38,-35,2,-30,-30,1
67,2,rectangle_java2.jpg,Java,high,A,stage1,-25,-25,1,-20,-20,1
58,2,vehicle_java2.jpg,Java,medium,B,stage2,-21,-21,1,-25,-25,1
58,2,vehicle_java2.jpg,Java,medium,B,stage3,-22,-22,1,-33,-33,1
58,2,vehicle_java2.jpg,Java,medium,B,stage1,-24,-24,1,-19,-19,1
33,2,vehicle_java2.jpg,Java,high,B,stage1,-14,-14,1,1,1,1
33,2,vehicle_java2.jpg,Java,high,B,stage3,-56,-56,1,-56,-56,1
33,2,vehicle_java2.jpg,Java,high,B,stage2,-33,-33,1,-38,-38,1
33,5,rectangle_java2.jpg,Java,high,A,stage1,-9,-9,1,-29,-29,1
33,5,rectangle_java2.jpg,Java,high,A,stage3,-27,-27,1,-36,-36,1
33,5,rectangle_java2.jpg,Java,high,A,stage2,-20,-20,1,-24,-24,1
125,2,rectangle_java.jpg,Java,medium,A,stage2,-26,-26,1,-32,-32,1
125,2,rectangle_java.jpg,Java,medium,A,stage3,-29,-29,1,-55,-55,1
125,2,rectangle_java.jpg,Java,medium,A,stage1,-11,-11,1,-23,-23,1
34,5,rectangle_java2.jpg,Java,medium,A,stage1,-12,-12,1,-10,-10,1
34,5,rectangle_java2.jpg,Java,medium,A,stage2,-22,-22,1,-44,-44,1
34,5,rectangle_java2.jpg,Java,medium,A,stage3,-38,-38,1,-54,-54,1
34,2,vehicle_java2.jpg,Java,medium,B,stage1,-34,-34,1,-35,-35,1
34,2,vehicle_java2.jpg,Java,medium,B,stage3,-23,-23,1,-28,-28,1
34,2,vehicle_java2.jpg,Java,medium,B,stage2,-50,-50,1,-38,-38,1
114,5,vehicle_java2.jpg,Java,medium,B,stage2,-23,-23,1,-21,-21,1
114,5,vehicle_java2.jpg,Java,medium,B,stage3,-22,-22,1,-33,-33,1
114,5,vehicle_java2.jpg,Java,medium,B,stage1,-30,-30,1,-26,-26,1
66,2,vehicle_java2.jpg,Java,medium,B,stage1,-33,-33,1,-31,-31,1
66,2,vehicle_java2.jpg,Java,medium,B,stage2,-24,-24,1,-21,-21,1
66,2,vehicle_java2.jpg,Java,medium,B,stage3,-10,-10,1,-20,-20,1
66,5,rectangle_java2.jpg,Java,medium,A,stage2,-23,-23,1,-33,-33,1
66,5,rectangle_java2.jpg,Java,medium,A,stage3,-26,-26,1,-37,-37,1
66,5,rectangle_java2.jpg,Java,medium,A,stage1,-20,-20,1,-26,-26,1
170,5,vehicle_java2.jpg,Java,medium,B,stage3,-30,-30,1,-31,-31,1
170,5,vehicle_java2.jpg,Java,medium,B,stage2,-31,-31,1,-36,-36,1
170,5,vehicle_java2.jpg,Java,medium,B,stage1,-90,-78,2,-90,-70,2
59,2,vehicle_java.jpg,Java,medium,B,stage1,-30,-30,1,-25,-25,1
59,2,vehicle_java.jpg,Java,medium,B,stage3,-52,-52,1,-50,-50,1
59,2,vehicle_java.jpg,Java,medium,B,stage2,-36,-36,1,-35,-35,1
183,2,vehicle_java2.jpg,Java,medium,B,stage1,-62,-62,1,-62,-62,1
183,2,vehicle_java2.jpg,Java,medium,B,stage2,-12,-12,1,-21,-21,1
183,2,vehicle_java2.jpg,Java,medium,B,stage3,-34,-34,1,-36,-36,1
61,2,vehicle_java2.jpg,Java,medium,B,stage1,-20,-20,1,-15,-15,1
61,2,vehicle_java2.jpg,Java,medium,B,stage2,-22,-22,1,-40,-40,1
61,2,vehicle_java2.jpg,Java,medium,B,stage3,-52,-52,1,-59,-59,1
61,5,rectangle_java2.jpg,Java,medium,A,stage3,-78,-78,1,-77,-77,1
61,5,rectangle_java2.jpg,Java,medium,A,stage2,-61,-44,2,-52,-52,1
61,5,rectangle_java2.jpg,Java,medium,A,stage1,-44,-44,1,-40,-40,1
1,2,vehicle_java.jpg,Java,high,B,stage2,-44,-44,1,-50,-50,1
1,2,vehicle_java.jpg,Java,high,B,stage3,-25,-25,1,-27,-27,1
1,2,vehicle_java.jpg,Java,high,B,stage1,-7,-7,1,-11,-11,1
57,2,rectangle_java2.jpg,Java,medium,A,stage2,-18,-18,1,-32,-32,1
57,2,rectangle_java2.jpg,Java,medium,A,stage3,-23,-23,1,-39,-39,1
57,2,rectangle_java2.jpg,Java,medium,A,stage1,-7,-7,1,-29,-29,1
57,5,vehicle_java2.jpg,Java,medium,B,stage2,-22,-22,1,-25,-25,1
57,5,vehicle_java2.jpg,Java,medium,B,stage3,-41,-41,1,-42,-42,1
57,5,vehicle_java2.jpg,Java,medium,B,stage1,-17,-17,1,-13,-13,1
141,2,vehicle_java2.jpg,Java,low,B,stage1,-11,-11,1,-7,-7,1
141,2,vehicle_java2.jpg,Java,low,B,stage3,-8,-8,1,-29,-29,1
141,2,vehicle_java2.jpg,Java,low,B,stage2,-38,-38,1,-49,-49,1
68,5,vehicle_java2.jpg,Java,medium,B,stage3,-19,-19,1,-30,-30,1
68,5,vehicle_java2.jpg,Java,medium,B,stage2,-30,-30,1,-36,-36,1
68,5,vehicle_java2.jpg,Java,medium,B,stage1,-23,-23,1,-20,-20,1
68,2,rectangle_java2.jpg,Java,medium,A,stage3,-50,-50,1,-57,-57,1
68,2,rectangle_java2.jpg,Java,medium,A,stage2,-31,-31,1,-47,-47,1
68,2,rectangle_java2.jpg,Java,medium,A,stage1,-1,-1,1,-5,-5,1
50,2,vehicle_java2.jpg,Java,medium,B,stage1,-51,-51,1,-67,-67,1
50,2,vehicle_java2.jpg,Java,medium,B,stage2,-89,-88,2,-85,-83,2
50,2,vehicle_java2.jpg,Java,medium,B,stage3,-58,-58,1,-63,-63,1
6,5,vehicle_java.jpg,Java,medium,B,stage1,-38,-38,1,-34,-34,1
6,5,vehicle_java.jpg,Java,medium,B,stage2,-38,-38,1,-45,-45,1
6,5,vehicle_java.jpg,Java,medium,B,stage3,-17,-17,1,-43,-43,1
6,2,rectangle_java.jpg,Java,medium,A,stage3,-28,-28,1,-46,-46,1
6,2,rectangle_java.jpg,Java,medium,A,stage2,-16,-16,1,-38,-38,1
6,2,rectangle_java.jpg,Java,medium,A,stage1,-19,-19,1,-31,-31,1
179,5,rectangle_java2.jpg,Java,low,A,stage1,-38,-38,1,-37,-37,1
179,5,rectangle_java2.jpg,Java,low,A,stage3,-62,-53,2,-60,-60,1
179,5,rectangle_java2.jpg,Java,low,A,stage2,-50,-49,2,-47,-47,1
179,2,vehicle_java2.jpg,Java,low,B,stage1,-40,-40,1,-36,-36,1
179,2,vehicle_java2.jpg,Java,low,B,stage2,-22,-22,1,-42,-42,1
179,2,vehicle_java2.jpg,Java,low,B,stage3,-60,-60,1,-61,-61,1
112,2,rectangle_java2.jpg,Java,medium,A,stage3,-15,-15,1,-22,-22,1
112,2,rectangle_java2.jpg,Java,medium,A,stage2,-27,-27,1,-38,-38,1
112,2,rectangle_java2.jpg,Java,medium,A,stage1,-34,-34,1,-39,-39,1
115,5,vehicle_java2.jpg,Java,medium,B,stage1,-22,-22,1,-37,-37,1
115,5,vehicle_java2.jpg,Java,medium,B,stage3,-69,-69,1,-81,-80,2
115,5,vehicle_java2.jpg,Java,medium,B,stage2,-54,-54,1,-66,-59,2
115,2,rectangle_java2.jpg,Java,medium,A,stage2,-26,-26,1,-53,-53,1
115,2,rectangle_java2.jpg,Java,medium,A,stage3,-29,-29,1,-49,-49,1
115,2,rectangle_java2.jpg,Java,medium,A,stage1,-6,-6,1,-25,-25,1
123,2,rectangle_java.jpg,Java,high,A,stage1,-3,-3,1,-34,-34,1
123,2,rectangle_java.jpg,Java,high,A,stage2,-27,-27,1,-40,-40,1
123,2,rectangle_java.jpg,Java,high,A,stage3,-17,-17,1,-46,-46,1
35,5,vehicle_java2.jpg,Java,low,B,stage1,-27,-27,1,-22,-22,1
35,5,vehicle_java2.jpg,Java,low,B,stage2,-35,-35,1,-54,-54,1
35,5,vehicle_java2.jpg,Java,low,B,stage3,-42,-42,1,-46,-46,1
35,2,rectangle_java2.jpg,Java,low,A,stage1,-14,-14,1,-18,-18,1
35,2,rectangle_java2.jpg,Java,low,A,stage2,-12,-12,1,-45,-45,1
35,2,rectangle_java2.jpg,Java,low,A,stage3,-25,-25,1,-37,-37,1
124,5,rectangle_java2.jpg,Java,medium,A,stage2,-49,-49,1,-49,-49,1
124,5,rectangle_java2.jpg,Java,medium,A,stage3,-32,-32,1,-32,-32,1
124,5,rectangle_java2.jpg,Java,medium,A,stage1,-13,-13,1,-22,-22,1
124,2,vehicle_java2.jpg,Java,medium,B,stage3,-57,-57,1,-41,-41,1
124,2,vehicle_java2.jpg,Java,medium,B,stage2,-48,-48,1,-60,-60,1
124,2,vehicle_java2.jpg,Java,medium,B,stage1,-25,-25,1,-22,-22,1
32,5,vehicle_java2.jpg,Java,high,B,stage1,-18,-18,1,-14,-14,1
32,5,vehicle_java2.jpg,Java,high,B,stage2,-27,-27,1,-30,-30,1
32,5,vehicle_java2.jpg,Java,high,B,stage3,-34,-34,1,-32,-32,1
32,2,rectangle_java2.jpg,Java,high,A,stage1,-6,-6,1,-28,-28,1
32,2,rectangle_java2.jpg,Java,high,A,stage3,-27,-27,1,-42,-42,1
32,2,rectangle_java2.jpg,Java,high,A,stage2,-20,-20,1,-36,-36,1
206,5,rectangle_java2.jpg,Java,low,A,stage1,-59,-47,2,-45,-45,1
206,5,rectangle_java2.jpg,Java,low,A,stage2,-70,-70,1,-63,-63,1
206,5,rectangle_java2.jpg,Java,low,A,stage3,-73,-73,1,-87,-87,1
206,2,vehicle_java2.jpg,Java,low,B,stage2,-34,-34,1,-36,-36,1
206,2,vehicle_java2.jpg,Java,low,B,stage3,-24,-24,1,-49,-49,1
206,2,vehicle_java2.jpg,Java,low,B,stage1,-44,-44,1,-49,-49,1
201,2,rectangle_java2.jpg,Java,medium,A,stage2,-13,-13,1,-23,-23,1
201,2,rectangle_java2.jpg,Java,medium,A,stage3,-8,-8,1,-44,-44,1
201,2,rectangle_java2.jpg,Java,medium,A,stage1,-30,-30,1,-36,-36,1
201,5,vehicle_java2.jpg,Java,medium,B,stage1,-25,-25,1,-22,-22,1
201,5,vehicle_java2.jpg,Java,medium,B,stage2,-28,-28,1,-31,-31,1
201,5,vehicle_java2.jpg,Java,medium,B,stage3,-11,-11,1,-33,-33,1
208,5,rectangle_java2.jpg,Java,low,A,stage2,-23,-23,1,-28,-28,1
208,5,rectangle_java2.jpg,Java,low,A,stage3,-51,-51,1,-71,-71,1
208,5,rectangle_java2.jpg,Java,low,A,stage1,-16,-16,1,-24,-24,1
200,2,vehicle_java.jpg,Java,low,B,stage1,-45,-45,1,-41,-41,1
200,2,vehicle_java.jpg,Java,low,B,stage3,-39,-39,1,-39,-39,1
200,2,vehicle_java.jpg,Java,low,B,stage2,-5,-5,1,-15,-15,1
200,5,rectangle_java.jpg,Java,low,A,stage2,-43,-43,1,-62,-62,1
200,5,rectangle_java.jpg,Java,low,A,stage3,-49,-49,1,-59,-59,1
200,5,rectangle_java.jpg,Java,low,A,stage1,-20,-20,1,-23,-23,1
207,5,rectangle_java2.jpg,Java,medium,A,stage3,-62,-62,1,-58,-58,1
207,5,rectangle_java2.jpg,Java,medium,A,stage2,-32,-32,1,-50,-50,1
207,5,rectangle_java2.jpg,Java,medium,A,stage1,-25,-25,1,-27,-27,1
207,2,vehicle_java2.jpg,Java,medium,B,stage1,-51,-51,1,-40,-40,1
207,2,vehicle_java2.jpg,Java,medium,B,stage3,-61,-61,1,-50,-50,1
207,2,vehicle_java2.jpg,Java,medium,B,stage2,-42,-42,1,-44,-44,1
214,5,vehicle_java2.jpg,Java,medium,B,stage2,-89,-83,2,-103,-103,1
214,5,vehicle_java2.jpg,Java,medium,B,stage3,-68,-58,2,-73,-73,1
214,5,vehicle_java2.jpg,Java,medium,B,stage1,-36,-8,2,-59,-35,2
214,2,rectangle_java2.jpg,Java,medium,A,stage2,-65,-64,2,-72,-72,1
214,2,rectangle_java2.jpg,Java,medium,A,stage3,-40,-40,1,-42,-42,1
214,2,rectangle_java2.jpg,Java,medium,A,stage1,-17,-17,1,-28,-28,1
212,2,rectangle_java2.jpg,Java,medium,A,stage1,-18,-18,1,-24,-24,1
212,2,rectangle_java2.jpg,Java,medium,A,stage2,-39,-39,1,-51,-51,1
212,2,rectangle_java2.jpg,Java,medium,A,stage3,-27,-27,1,-47,-47,1
215,2,vehicle_java2.jpg,Java,medium,B,stage3,-36,-36,1,-46,-46,1
215,5,rectangle_java2.jpg,Java,medium,A,stage2,-26,-26,1,-40,-40,1
215,5,rectangle_java2.jpg,Java,medium,A,stage3,-30,-30,1,-27,-27,1
215,2,vehicle_java2.jpg,Java,medium,B,stage2,-38,-38,1,-37,-37,1
215,5,rectangle_java2.jpg,Java,medium,A,stage1,4,4,1,-18,-18,1
215,2,vehicle_java2.jpg,Java,medium,B,stage1,-38,-38,1,-34,-34,1
106,2,vehicle_java2.jpg,Java,medium,B,stage2,-16,-16,1,-32,-32,1
106,2,vehicle_java2.jpg,Java,medium,B,stage3,-41,-41,1,-38,-38,1
106,2,vehicle_java2.jpg,Java,medium,B,stage1,-48,-48,1,-44,-44,1
10,5,vehicle_java.jpg,Java,medium,B,stage1,-28,-28,1,-26,-26,1
10,5,vehicle_java.jpg,Java,medium,B,stage3,-19,-19,1,-37,-37,1
10,5,vehicle_java.jpg,Java,medium,B,stage2,-22,-22,1,-26,-26,1
139,5,vehicle_java2.jpg,Java,low,B,stage1,-23,-23,1,-21,-21,1
139,5,vehicle_java2.jpg,Java,low,B,stage3,-11,-11,1,-22,-22,1
139,5,vehicle_java2.jpg,Java,low,B,stage2,-25,-25,1,-29,-29,1
101,5,vehicle_java2.jpg,Java,medium,B,stage1,-96,-72,2,-105,-82,3
101,5,vehicle_java2.jpg,Java,medium,B,stage2,-108,-105,2,-115,-110,2
101,5,vehicle_java2.jpg,Java,medium,B,stage3,-82,-82,1,-99,-93,2
101,2,rectangle_java2.jpg,Java,medium,A,stage1,-14,-14,1,-28,-28,1
101,2,rectangle_java2.jpg,Java,medium,A,stage3,-22,-22,1,-35,-35,1
101,2,rectangle_java2.jpg,Java,medium,A,stage2,-30,-30,1,-31,-31,1
17,5,vehicle_java2.jpg,Java,medium,B,stage1,-40,-40,1,-36,-36,1
17,5,vehicle_java2.jpg,Java,medium,B,stage3,-50,-45,2,-53,-45,2
17,5,vehicle_java2.jpg,Java,medium,B,stage2,-41,-41,1,-39,-39,1
17,2,rectangle_java2.jpg,Java,medium,A,stage1,-31,-31,1,-43,-43,1
17,2,rectangle_java2.jpg,Java,medium,A,stage3,-40,-40,1,-45,-45,1
17,2,rectangle_java2.jpg,Java,medium,A,stage2,-27,-27,1,-32,-32,1
28,2,rectangle_java2.jpg,Java,medium,A,stage1,-3,-3,1,-15,-15,1
28,5,vehicle_java2.jpg,Java,medium,B,stage1,-30,-30,1,-28,-28,1
28,2,rectangle_java2.jpg,Java,medium,A,stage2,-14,-14,1,-33,-33,1
28,5,vehicle_java2.jpg,Java,medium,B,stage2,-14,-14,1,-12,-12,1
28,5,vehicle_java2.jpg,Java,medium,B,stage3,-23,-23,1,-40,-40,1
28,2,rectangle_java2.jpg,Java,medium,A,stage3,-44,-36,2,-42,-42,1
21,2,rectangle_java2.jpg,Java,low,A,stage3,-46,-46,1,-46,-46,1
21,2,rectangle_java2.jpg,Java,low,A,stage2,-38,-38,1,-42,-42,1
21,2,rectangle_java2.jpg,Java,low,A,stage1,-9,-9,1,-15,-15,1
21,5,vehicle_java2.jpg,Java,low,B,stage1,-49,-49,1,-50,-50,1
21,5,vehicle_java2.jpg,Java,low,B,stage3,-49,-49,1,-63,-63,1
21,5,vehicle_java2.jpg,Java,low,B,stage2,-52,-40,2,-56,-56,1
108,5,rectangle_java2.jpg,Java,high,A,stage1,-4,-4,1,-22,-22,1
108,5,rectangle_java2.jpg,Java,high,A,stage3,-36,-36,1,-36,-36,1
108,5,rectangle_java2.jpg,Java,high,A,stage2,-20,-20,1,-42,-42,1
108,2,vehicle_java2.jpg,Java,high,B,stage3,-36,-36,1,-40,-40,1
108,2,vehicle_java2.jpg,Java,high,B,stage2,-22,-22,1,-31,-31,1
108,2,vehicle_java2.jpg,Java,high,B,stage1,-19,-19,1,-16,-16,1
26,2,vehicle_java2.jpg,Java,high,B,stage3,-38,-38,1,-35,-35,1
26,2,vehicle_java2.jpg,Java,high,B,stage2,-16,-16,1,-36,-36,1
26,2,vehicle_java2.jpg,Java,high,B,stage1,-30,-30,1,-26,-26,1
19,5,vehicle_java.jpg,Java,medium,B,stage1,-21,-21,1,-17,-17,1
19,5,vehicle_java.jpg,Java,medium,B,stage2,-12,-12,1,-15,-15,1
19,5,vehicle_java.jpg,Java,medium,B,stage3,-21,-21,1,-10,-10,1
72,2,vehicle_java2.jpg,Java,medium,B,stage1,-27,-27,1,-29,-29,1
72,2,vehicle_java2.jpg,Java,medium,B,stage3,-40,-40,1,-49,-49,1
72,2,vehicle_java2.jpg,Java,medium,B,stage2,-81,-74,2,-94,-91,2
164,2,vehicle_java2.jpg,Java,low,B,stage1,-44,-44,1,-40,-40,1
164,2,vehicle_java2.jpg,Java,low,B,stage2,-31,-31,1,-28,-28,1
164,2,vehicle_java2.jpg,Java,low,B,stage3,-48,-48,1,-63,-63,1
164,5,rectangle_java2.jpg,Java,low,A,stage1,-36,-36,1,-43,-43,1
164,5,rectangle_java2.jpg,Java,low,A,stage3,-44,-44,1,-53,-53,1
164,5,rectangle_java2.jpg,Java,low,A,stage2,-40,-37,2,-27,-27,1
86,2,rectangle_java2.jpg,Java,medium,A,stage3,-81,-64,2,-81,-81,1
86,2,rectangle_java2.jpg,Java,medium,A,stage2,-35,-34,2,-45,-45,1
86,2,rectangle_java2.jpg,Java,medium,A,stage1,-13,-13,1,-33,-33,1
86,5,vehicle_java2.jpg,Java,medium,B,stage2,-40,-40,1,-39,-39,1
86,5,vehicle_java2.jpg,Java,medium,B,stage3,-33,-27,2,-33,-33,1
86,5,vehicle_java2.jpg,Java,medium,B,stage1,-5,-5,1,-9,-9,1
190,2,vehicle_java2.jpg,Java,medium,B,stage1,-26,-26,1,-24,-24,1
190,2,vehicle_java2.jpg,Java,medium,B,stage3,-22,-22,1,-35,-35,1
190,2,vehicle_java2.jpg,Java,medium,B,stage2,-16,-16,1,-14,-14,1
81,5,rectangle_java.jpg,Java,medium,A,stage1,-22,-22,1,-35,-35,1
81,5,rectangle_java.jpg,Java,medium,A,stage3,-15,-15,1,-40,-40,1
81,5,rectangle_java.jpg,Java,medium,A,stage2,-28,-28,1,-35,-35,1
81,2,vehicle_java.jpg,Java,medium,B,stage1,-22,-22,1,-18,-18,1
81,2,vehicle_java.jpg,Java,medium,B,stage2,-29,-27,2,-32,-31,2
81,2,vehicle_java.jpg,Java,medium,B,stage3,-31,-31,1,-16,-16,1
197,2,vehicle_java.jpg,Java,medium,B,stage1,-13,-13,1,-15,-15,1
197,2,vehicle_java.jpg,Java,medium,B,stage3,-26,-26,1,-46,-46,1
197,2,vehicle_java.jpg,Java,medium,B,stage2,-55,-55,1,-61,-61,1
75,2,vehicle_java.jpg,Java,medium,B,stage1,-31,-31,1,-36,-36,1
75,2,vehicle_java.jpg,Java,medium,B,stage3,-35,-35,1,-41,-41,1
75,2,vehicle_java.jpg,Java,medium,B,stage2,-29,-29,1,-41,-41,1
75,5,rectangle_java.jpg,Java,medium,A,stage1,-6,-6,1,-19,-19,1
75,5,rectangle_java.jpg,Java,medium,A,stage2,-31,-31,1,-26,-26,1
75,5,rectangle_java.jpg,Java,medium,A,stage3,-28,-24,2,-39,-39,1
163,2,vehicle_java.jpg,Java,low,B,stage1,-40,-40,1,-36,-36,1
163,2,vehicle_java.jpg,Java,low,B,stage2,-31,-31,1,-32,-32,1
163,2,vehicle_java.jpg,Java,low,B,stage3,-15,-15,1,-39,-39,1
163,5,rectangle_java.jpg,Java,low,A,stage1,-26,-26,1,-34,-34,1
163,5,rectangle_java.jpg,Java,low,A,stage2,-11,-11,1,-28,-28,1
163,5,rectangle_java.jpg,Java,low,A,stage3,-32,-32,1,-42,-42,1
88,2,rectangle_java2.jpg,Java,high,A,stage1,-22,-22,1,-36,-36,1
88,2,rectangle_java2.jpg,Java,high,A,stage3,-31,-31,1,-34,-34,1
88,2,rectangle_java2.jpg,Java,high,A,stage2,-11,-11,1,-40,-40,1
88,5,vehicle_java2.jpg,Java,high,B,stage3,-11,-11,1,-14,-14,1
88,5,vehicle_java2.jpg,Java,high,B,stage2,-19,-19,1,-31,-31,1
88,5,vehicle_java2.jpg,Java,high,B,stage1,-37,-37,1,-33,-33,1
43,2,vehicle_java2.jpg,Java,low,B,stage1,-13,-13,1,-16,-16,1
43,2,vehicle_java2.jpg,Java,low,B,stage3,-74,-69,3,-70,-66,2
43,2,vehicle_java2.jpg,Java,low,B,stage2,-18,-18,1,-23,-23,1
43,5,rectangle_java2.jpg,Java,low,A,stage2,-28,-28,1,-27,-27,1
43,5,rectangle_java2.jpg,Java,low,A,stage3,-28,-28,1,-48,-48,1
43,5,rectangle_java2.jpg,Java,low,A,stage1,-30,-30,1,-24,-24,1
155,5,rectangle_java2.jpg,Java,medium,A,stage2,-45,-45,1,-36,-36,1
155,5,rectangle_java2.jpg,Java,medium,A,stage3,-35,-35,1,-34,-34,1
155,5,rectangle_java2.jpg,Java,medium,A,stage1,-1,-1,1,-11,-11,1
155,2,vehicle_java2.jpg,Java,medium,B,stage1,-31,-31,1,-27,-27,1
155,2,vehicle_java2.jpg,Java,medium,B,stage2,-29,-29,1,-36,-36,1
155,2,vehicle_java2.jpg,Java,medium,B,stage3,-47,-39,2,-48,-48,1
44,2,vehicle_java2.jpg,Java,medium,B,stage1,-28,-25,2,-33,-28,2
44,2,vehicle_java2.jpg,Java,medium,B,stage3,-56,-45,2,-67,-65,2
44,2,vehicle_java2.jpg,Java,medium,B,stage2,-23,-23,1,-42,-42,1
44,5,rectangle_java2.jpg,Java,medium,A,stage3,-30,-30,1,-46,-46,1
44,5,rectangle_java2.jpg,Java,medium,A,stage2,-28,-28,1,-43,-43,1
44,5,rectangle_java2.jpg,Java,medium,A,stage1,-6,-6,1,-22,-22,1
27,2,vehicle_java.jpg,Java,low,B,stage1,-31,-31,1,-27,-27,1
27,2,vehicle_java.jpg,Java,low,B,stage2,-20,-20,1,-18,-18,1
27,2,vehicle_java.jpg,Java,low,B,stage3,-26,-26,1,-36,-36,1
27,5,rectangle_java.jpg,Java,low,A,stage2,-38,-38,1,-42,-42,1
27,5,rectangle_java.jpg,Java,low,A,stage3,-16,-16,1,-43,-43,1
27,5,rectangle_java.jpg,Java,low,A,stage1,0,0,1,-30,-30,1
18,2,vehicle_java.jpg,Java,medium,B,stage1,-33,-33,1,-29,-29,1
18,2,vehicle_java.jpg,Java,medium,B,stage3,-76,-68,2,-66,-66,1
18,2,vehicle_java.jpg,Java,medium,B,stage2,-50,-50,1,-54,-54,1
20,5,vehicle_java2.jpg,Java,medium,B,stage2,-24,-24,1,-43,-43,1
20,2,rectangle_java2.jpg,Java,medium,A,stage1,-28,-28,1,-34,-34,1
20,5,vehicle_java2.jpg,Java,medium,B,stage3,-59,-59,1,-43,-43,1
20,5,vehicle_java2.jpg,Java,medium,B,stage1,-34,-34,1,-30,-30,1
20,2,rectangle_java2.jpg,Java,medium,A,stage2,-14,-14,1,-17,-17,1
20,2,rectangle_java2.jpg,Java,medium,A,stage3,-24,-24,1,-49,-49,1
109,5,rectangle_python.jpg,Python,medium,A,stage1,0,0,1,-9,-9,1
109,2,vehicle_python.jpg,Python,medium,B,stage1,-18,-18,1,-15,-15,1
109,2,vehicle_python.jpg,Python,medium,B,stage3,-23,-23,1,-22,-21,2
109,5,rectangle_python.jpg,Python,medium,A,stage2,-14,-14,1,-26,-26,1
109,5,rectangle_python.jpg,Python,medium,A,stage3,-16,-16,1,-23,-23,1
109,2,vehicle_python.jpg,Python,medium,B,stage2,1,1,1,-5,-5,1
16,5,vehicle_java2.jpg,Java,high,B,stage2,-56,-56,1,-59,-59,1
16,5,vehicle_java2.jpg,Java,high,B,stage3,-78,-65,2,-80,-80,1
16,5,vehicle_java2.jpg,Java,high,B,stage1,-56,-56,1,-52,-52,1
16,2,rectangle_java2.jpg,Java,high,A,stage2,-23,-23,1,-39,-39,1
16,2,rectangle_java2.jpg,Java,high,A,stage3,-48,-41,2,-50,-50,1
16,2,rectangle_java2.jpg,Java,high,A,stage1,-19,-19,1,-24,-24,1
29,2,vehicle_java2.jpg,Java,low,B,stage1,-43,-43,1,-38,-38,1
29,2,vehicle_java2.jpg,Java,low,B,stage3,-39,-39,1,-30,-30,1
29,2,vehicle_java2.jpg,Java,low,B,stage2,-53,-53,1,-49,-49,1
29,5,rectangle_java2.jpg,Java,low,A,stage1,-22,-22,1,-5,-5,1
29,5,rectangle_java2.jpg,Java,low,A,stage2,-29,-29,1,-50,-50,1
29,5,rectangle_java2.jpg,Java,low,A,stage3,-54,-54,1,-54,-54,1
107,2,rectangle_java.jpg,Java,medium,A,stage3,-7,-7,1,-34,-34,1
107,2,rectangle_java.jpg,Java,medium,A,stage2,-26,-26,1,-39,-39,1
107,2,rectangle_java.jpg,Java,medium,A,stage1,-20,-20,1,-24,-24,1
138,2,rectangle_java2.jpg,Java,medium,A,stage2,4,4,1,-10,-10,1
138,2,rectangle_java2.jpg,Java,medium,A,stage3,-21,-21,1,-35,-35,1
138,2,rectangle_java2.jpg,Java,medium,A,stage1,-27,-27,1,-35,-35,1
89,5,rectangle_java2.jpg,Java,medium,A,stage1,-14,-14,1,-18,-18,1
89,5,rectangle_java2.jpg,Java,medium,A,stage3,-33,-33,1,-37,-37,1
89,5,rectangle_java2.jpg,Java,medium,A,stage2,-13,-13,1,-41,-41,1
89,2,vehicle_java2.jpg,Java,medium,B,stage2,-47,-47,1,-36,-35,2
89,2,vehicle_java2.jpg,Java,medium,B,stage3,-25,-25,1,-26,-26,1
89,2,vehicle_java2.jpg,Java,medium,B,stage1,-8,-8,1,-11,-11,1
154,2,vehicle_java2.jpg,Java,low,B,stage3,-68,-68,1,-91,-81,2
154,5,rectangle_java2.jpg,Java,low,A,stage1,-52,-52,1,-52,-52,1
154,2,vehicle_java2.jpg,Java,low,B,stage2,-101,-88,2,-96,-87,2
154,5,rectangle_java2.jpg,Java,low,A,stage3,-21,-21,1,-39,-39,1
154,5,rectangle_java2.jpg,Java,low,A,stage2,-41,-41,1,-59,-59,1
154,2,vehicle_java2.jpg,Java,low,B,stage1,-56,-56,1,-57,-57,1
42,5,rectangle_java2.jpg,Java,high,A,stage1,-14,-14,1,-29,-29,1
42,5,rectangle_java2.jpg,Java,high,A,stage3,-26,-26,1,-41,-41,1
42,5,rectangle_java2.jpg,Java,high,A,stage2,-8,-8,1,-42,-42,1
42,2,vehicle_java2.jpg,Java,high,B,stage2,-34,-34,1,-22,-22,1
42,2,vehicle_java2.jpg,Java,high,B,stage3,-8,-8,1,-11,-11,1
42,2,vehicle_java2.jpg,Java,high,B,stage1,-4,-4,1,-12,-12,1
162,2,rectangle_java.jpg,Java,low,A,stage1,-44,-26,2,-32,-32,1
162,2,rectangle_java.jpg,Java,low,A,stage2,-20,-20,1,-51,-51,1
162,2,rectangle_java.jpg,Java,low,A,stage3,-46,-39,2,-51,-51,1
74,2,rectangle_java2.jpg,Java,high,A,stage1,-20,-20,1,-34,-34,1
74,2,rectangle_java2.jpg,Java,high,A,stage2,-18,-18,1,-20,-20,1
74,2,rectangle_java2.jpg,Java,high,A,stage3,-12,-12,1,-42,-42,1
74,5,vehicle_java2.jpg,Java,high,B,stage1,-14,-14,1,-10,-10,1
74,5,vehicle_java2.jpg,Java,high,B,stage2,-26,-26,1,-30,-30,1
74,5,vehicle_java2.jpg,Java,high,B,stage3,-38,-38,1,-32,-32,1
196,2,vehicle_java2.jpg,Java,low,B,stage2,-25,-25,1,-47,-47,1
196,2,vehicle_java2.jpg,Java,low,B,stage3,-40,-40,1,-42,-42,1
196,2,vehicle_java2.jpg,Java,low,B,stage1,-20,-20,1,-22,-22,1
196,5,rectangle_java2.jpg,Java,low,A,stage2,-72,-68,2,-49,-49,1
196,5,rectangle_java2.jpg,Java,low,A,stage3,-66,-62,2,-48,-48,1
196,5,rectangle_java2.jpg,Java,low,A,stage1,-36,-32,2,-20,-20,1
80,5,rectangle_java.jpg,Java,high,A,stage2,-17,-17,1,-41,-41,1
80,5,rectangle_java.jpg,Java,high,A,stage3,-21,-21,1,-42,-42,1
80,5,rectangle_java.jpg,Java,high,A,stage1,-23,-23,1,-24,-24,1
80,2,vehicle_java.jpg,Java,high,B,stage3,-28,-28,1,-38,-38,1
80,2,vehicle_java.jpg,Java,high,B,stage2,-37,-37,1,-32,-32,1
80,2,vehicle_java.jpg,Java,high,B,stage1,-4,-4,1,-13,-13,1
191,2,vehicle_java2.jpg,Java,medium,B,stage2,-41,-41,1,-41,-41,1
191,2,vehicle_java2.jpg,Java,medium,B,stage3,-52,-52,1,-62,-62,1
191,2,vehicle_java2.jpg,Java,medium,B,stage1,-32,-32,1,-27,-27,1
87,2,rectangle_java2.jpg,Java,high,A,stage1,-45,-45,1,-45,-45,1
87,2,rectangle_java2.jpg,Java,high,A,stage2,-23,-23,1,-30,-30,1
87,2,rectangle_java2.jpg,Java,high,A,stage3,-36,-36,1,-50,-50,1
87,5,vehicle_java2.jpg,Java,high,B,stage1,-38,-38,1,-34,-34,1
87,5,vehicle_java2.jpg,Java,high,B,stage3,-8,-8,1,-31,-31,1
87,5,vehicle_java2.jpg,Java,high,B,stage2,-29,-29,1,-24,-24,1
73,5,rectangle_java2.jpg,Java,medium,A,stage2,-30,-30,1,-50,-50,1
73,5,rectangle_java2.jpg,Java,medium,A,stage3,-54,-54,1,-60,-60,1
73,5,rectangle_java2.jpg,Java,medium,A,stage1,-33,-33,1,-35,-35,1
73,2,vehicle_java2.jpg,Java,medium,B,stage2,-71,-71,1,-75,-75,1
73,2,vehicle_java2.jpg,Java,medium,B,stage3,-64,-64,1,-62,-62,1
73,2,vehicle_java2.jpg,Java,medium,B,stage1,-28,-28,1,-33,-33,1
37,5,vehicle_java2.jpg,Java,low,B,stage3,-52,-52,1,-55,-55,1
37,5,vehicle_java2.jpg,Java,low,B,stage2,-27,-27,1,-28,-28,1
37,5,vehicle_java2.jpg,Java,low,B,stage1,-21,-21,1,-28,-28,1
37,2,rectangle_java2.jpg,Java,low,A,stage3,-9,-9,1,-36,-36,1
37,2,rectangle_java2.jpg,Java,low,A,stage2,-52,-52,1,-57,-57,1
37,2,rectangle_java2.jpg,Java,low,A,stage1,-29,-29,1,-33,-33,1
121,5,rectangle_java2.jpg,Java,medium,A,stage1,6,6,1,-30,-30,1
121,5,rectangle_java2.jpg,Java,medium,A,stage2,-45,-45,1,-33,-33,1
121,5,rectangle_java2.jpg,Java,medium,A,stage3,-42,-42,1,-53,-53,1
30,2,vehicle_java2.jpg,Java,none,B,stage1,-54,-54,1,-50,-50,1
30,2,vehicle_java2.jpg,Java,none,B,stage3,-23,-23,1,-47,-47,1
30,2,vehicle_java2.jpg,Java,none,B,stage2,-8,-8,1,-13,-13,1
30,5,rectangle_java2.jpg,Java,none,A,stage1,-24,-24,1,-39,-39,1
30,5,rectangle_java2.jpg,Java,none,A,stage3,-40,-40,1,-53,-53,1
30,5,rectangle_java2.jpg,Java,none,A,stage2,-13,-13,1,-49,-49,1
126,2,vehicle_java2.jpg,Java,high,B,stage1,-16,-16,1,-26,-26,1
126,2,vehicle_java2.jpg,Java,high,B,stage2,-55,-55,1,-49,-49,1
126,2,vehicle_java2.jpg,Java,high,B,stage3,-76,-69,2,-87,-87,1
126,5,rectangle_java2.jpg,Java,high,A,stage1,-17,-17,1,-29,-29,1
126,5,rectangle_java2.jpg,Java,high,A,stage3,-31,-31,1,-45,-45,1
126,5,rectangle_java2.jpg,Java,high,A,stage2,-59,-59,1,-65,-65,1
110,2,rectangle_java2.jpg,Java,medium,A,stage1,-5,-5,1,-21,-21,1
110,2,rectangle_java2.jpg,Java,medium,A,stage2,-22,-22,1,-38,-38,1
110,2,rectangle_java2.jpg,Java,medium,A,stage3,-28,-28,1,-30,-30,1
110,5,vehicle_java2.jpg,Java,medium,B,stage2,-19,-19,1,-23,-23,1
110,5,vehicle_java2.jpg,Java,medium,B,stage3,-12,-12,1,-31,-31,1
110,5,vehicle_java2.jpg,Java,medium,B,stage1,-29,-29,1,-25,-25,1
128,5,vehicle_java2.jpg,Java,medium,B,stage3,-63,-51,2,-63,-48,2
128,5,vehicle_java2.jpg,Java,medium,B,stage2,-32,-32,1,-57,-57,1
128,5,vehicle_java2.jpg,Java,medium,B,stage1,-24,-24,1,-22,-22,1
128,2,rectangle_java2.jpg,Java,medium,A,stage1,-19,-19,1,-23,-23,1
128,2,rectangle_java2.jpg,Java,medium,A,stage2,-24,-24,1,-56,-56,1
128,2,rectangle_java2.jpg,Java,medium,A,stage3,-57,-51,2,-56,-56,1
117,5,rectangle_java2.jpg,Java,medium,A,stage2,-60,-60,1,-57,-57,1
117,2,vehicle_java2.jpg,Java,medium,B,stage1,-33,-33,1,-29,-29,1
117,5,rectangle_java2.jpg,Java,medium,A,stage3,-54,-45,2,-55,-55,1
117,5,rectangle_java2.jpg,Java,medium,A,stage1,-16,-16,1,-18,-18,1
117,2,vehicle_java2.jpg,Java,medium,B,stage2,-19,-19,1,-22,-22,1
117,2,vehicle_java2.jpg,Java,medium,B,stage3,-38,-38,1,-46,-46,1
3,5,rectangle_java2.jpg,Java,none,A,stage2,-36,-36,1,-43,-43,1
3,5,rectangle_java2.jpg,Java,none,A,stage3,-12,-12,1,-37,-37,1
3,5,rectangle_java2.jpg,Java,none,A,stage1,-24,-24,1,-36,-36,1
3,2,vehicle_java2.jpg,Java,none,B,stage1,-33,-33,1,-37,-37,1
3,2,vehicle_java2.jpg,Java,none,B,stage3,-15,-15,1,-36,-36,1
3,2,vehicle_java2.jpg,Java,none,B,stage2,-25,-25,1,-21,-21,1
143,2,vehicle_java2.jpg,Java,high,B,stage2,-30,-30,1,-29,-29,1
143,2,vehicle_java2.jpg,Java,high,B,stage3,-32,-32,1,-34,-34,1
143,2,vehicle_java2.jpg,Java,high,B,stage1,-29,-29,1,-25,-25,1
143,5,rectangle_java2.jpg,Java,high,A,stage2,-28,-28,1,-43,-43,1
143,5,rectangle_java2.jpg,Java,high,A,stage3,-15,-15,1,-43,-43,1
143,5,rectangle_java2.jpg,Java,high,A,stage1,-16,-16,1,-32,-32,1
55,5,vehicle_java2.jpg,Java,medium,B,stage1,-42,-42,1,-37,-37,1
55,5,vehicle_java2.jpg,Java,medium,B,stage3,-61,-61,1,-68,-68,1
55,5,vehicle_java2.jpg,Java,medium,B,stage2,-43,-43,1,-47,-47,1
55,2,rectangle_java2.jpg,Java,medium,A,stage1,-14,-14,1,-23,-23,1
55,2,rectangle_java2.jpg,Java,medium,A,stage3,-64,-62,2,-45,-45,1
55,2,rectangle_java2.jpg,Java,medium,A,stage2,-34,-34,1,-31,-31,1
4,2,rectangle_java2.jpg,Java,medium,A,stage1,-44,-44,1,-48,-48,1
4,2,rectangle_java2.jpg,Java,medium,A,stage2,-3,-3,1,-14,-14,1
4,2,rectangle_java2.jpg,Java,medium,A,stage3,-24,-24,1,-53,-53,1
4,5,vehicle_java2.jpg,Java,medium,B,stage3,-27,-27,1,-47,-47,1
4,5,vehicle_java2.jpg,Java,medium,B,stage2,-62,-62,1,-61,-61,1
4,5,vehicle_java2.jpg,Java,medium,B,stage1,-26,-26,1,-26,-26,1
99,2,rectangle_java2.jpg,Java,high,A,stage1,-12,-12,1,-17,-17,1
99,2,rectangle_java2.jpg,Java,high,A,stage2,-33,-33,1,-56,-56,1
99,2,rectangle_java2.jpg,Java,high,A,stage3,-44,-40,2,-41,-41,1
99,5,vehicle_java2.jpg,Java,high,B,stage1,-18,-18,1,-25,-25,1
99,5,vehicle_java2.jpg,Java,high,B,stage3,-51,-51,1,-38,-38,1
99,5,vehicle_java2.jpg,Java,high,B,stage2,-32,-29,2,-36,-36,1
186,2,rectangle_java2.jpg,Java,medium,A,stage3,-36,-36,1,-56,-56,1
186,2,rectangle_java2.jpg,Java,medium,A,stage2,-10,-10,1,-41,-41,1
186,2,rectangle_java2.jpg,Java,medium,A,stage1,-23,-23,1,-23,-23,1
172,2,vehicle_java2.jpg,Java,low,B,stage2,-27,-27,1,-34,-34,1
172,2,vehicle_java2.jpg,Java,low,B,stage3,1,1,1,-10,-10,1
172,2,vehicle_java2.jpg,Java,low,B,stage1,7,7,1,3,3,1
64,5,rectangle_java2.jpg,Java,medium,A,stage1,-46,-25,2,-35,-35,1
64,5,rectangle_java2.jpg,Java,medium,A,stage3,-47,-36,2,-44,-41,2
64,5,rectangle_java2.jpg,Java,medium,A,stage2,-50,-50,1,-55,-55,1
64,2,vehicle_java2.jpg,Java,medium,B,stage3,-109,-87,3,-125,-110,2
64,2,vehicle_java2.jpg,Java,medium,B,stage2,-62,-57,2,-64,-57,2
64,2,vehicle_java2.jpg,Java,medium,B,stage1,-74,-63,2,-85,-82,2
175,2,rectangle_python.jpg,Python,medium,A,stage3,-29,-29,1,-36,-36,1
175,2,rectangle_python.jpg,Python,medium,A,stage2,-16,-16,1,-37,-37,1
175,2,rectangle_python.jpg,Python,medium,A,stage1,-8,-8,1,-11,-11,1
63,5,rectangle_java.jpg,Java,medium,A,stage1,-25,-25,1,-40,-40,1
63,5,rectangle_java.jpg,Java,medium,A,stage2,-46,-46,1,-35,-35,1
63,5,rectangle_java.jpg,Java,medium,A,stage3,-38,-38,1,-37,-37,1
63,2,vehicle_java.jpg,Java,medium,B,stage3,-38,-34,2,-43,-43,1
63,2,vehicle_java.jpg,Java,medium,B,stage2,-38,-38,1,-42,-42,1
63,2,vehicle_java.jpg,Java,medium,B,stage1,-44,-44,1,-40,-40,1
181,5,vehicle_java2.jpg,Java,none,B,stage1,-21,-21,1,-17,-17,1
181,5,vehicle_java2.jpg,Java,none,B,stage3,-34,-34,1,-26,-26,1
181,5,vehicle_java2.jpg,Java,none,B,stage2,-19,-19,1,-30,-30,1
181,2,rectangle_java2.jpg,Java,none,A,stage2,-15,-15,1,-41,-41,1
181,2,rectangle_java2.jpg,Java,none,A,stage3,-24,-24,1,-46,-46,1
181,2,rectangle_java2.jpg,Java,none,A,stage1,-6,-6,1,-22,-22,1
97,2,vehicle_java2.jpg,Java,medium,B,stage2,-29,-29,1,-42,-42,1
97,2,vehicle_java2.jpg,Java,medium,B,stage3,-19,-19,1,-16,-16,1
97,2,vehicle_java2.jpg,Java,medium,B,stage1,-13,-13,1,-10,-10,1
97,5,rectangle_java2.jpg,Java,medium,A,stage1,-24,-24,1,-27,-27,1
97,5,rectangle_java2.jpg,Java,medium,A,stage3,-41,-41,1,-56,-56,1
97,5,rectangle_java2.jpg,Java,medium,A,stage2,-26,-26,1,-52,-52,1
116,2,vehicle_java2.jpg,Java,low,B,stage3,-9,-9,1,-31,-31,1
116,2,vehicle_java2.jpg,Java,low,B,stage2,-24,-24,1,-29,-29,1
116,2,vehicle_java2.jpg,Java,low,B,stage1,-22,-22,1,-18,-18,1
38,2,rectangle_java2.jpg,Java,none,A,stage2,-35,-35,1,-49,-49,1
38,2,rectangle_java2.jpg,Java,none,A,stage3,-15,-11,2,-25,-25,1
38,2,rectangle_java2.jpg,Java,none,A,stage1,-43,-42,2,-26,-26,1
118,5,vehicle_java.jpg,Java,high,B,stage1,-21,-21,1,-19,-19,1
118,5,vehicle_java.jpg,Java,high,B,stage2,-22,-22,1,-25,-25,1
118,5,vehicle_java.jpg,Java,high,B,stage3,-46,-46,1,-40,-40,1
31,2,rectangle_java2.jpg,Java,medium,A,stage1,-26,-26,1,-28,-28,1
31,2,rectangle_java2.jpg,Java,medium,A,stage3,-38,-38,1,-54,-54,1
31,2,rectangle_java2.jpg,Java,medium,A,stage2,-32,-32,1,-50,-50,1
31,5,vehicle_java2.jpg,Java,medium,B,stage1,-37,-37,1,-33,-33,1
31,5,vehicle_java2.jpg,Java,medium,B,stage2,-36,-36,1,-39,-39,1
31,5,vehicle_java2.jpg,Java,medium,B,stage3,-37,-37,1,-44,-44,1
120,2,rectangle_java.jpg,Java,medium,A,stage1,-33,-33,1,-37,-37,1
120,2,rectangle_java.jpg,Java,medium,A,stage2,-14,-14,1,-47,-47,1
120,2,rectangle_java.jpg,Java,medium,A,stage3,-22,-22,1,-19,-19,1
36,2,rectangle_java.jpg,Java,none,A,stage1,-27,-27,1,-41,-41,1
36,2,rectangle_java.jpg,Java,none,A,stage2,-13,-13,1,-35,-35,1
36,2,rectangle_java.jpg,Java,none,A,stage3,-11,-11,1,-46,-46,1
36,5,vehicle_java.jpg,Java,none,B,stage1,-26,-26,1,-22,-22,1
36,5,vehicle_java.jpg,Java,none,B,stage2,-13,-13,1,-9,-9,1
36,5,vehicle_java.jpg,Java,none,B,stage3,-29,-29,1,-39,-39,1
96,5,rectangle_java2.jpg,Java,low,A,stage2,-20,-19,2,-26,-26,1
96,5,rectangle_java2.jpg,Java,low,A,stage3,-47,-44,2,-54,-54,1
96,5,rectangle_java2.jpg,Java,low,A,stage1,-18,-18,1,-22,-22,1
96,2,vehicle_java2.jpg,Java,low,B,stage1,-31,-31,1,-27,-27,1
96,2,vehicle_java2.jpg,Java,low,B,stage3,-45,-45,1,-40,-40,1
96,2,vehicle_java2.jpg,Java,low,B,stage2,-21,-21,1,-26,-26,1
180,2,vehicle_java2.jpg,Java,low,B,stage1,-13,-13,1,-9,-9,1
180,2,vehicle_java2.jpg,Java,low,B,stage2,-10,-10,1,-26,-26,1
180,2,vehicle_java2.jpg,Java,low,B,stage3,-37,-37,1,-41,-41,1
180,5,rectangle_java2.jpg,Java,low,A,stage2,-15,-15,1,-41,-41,1
180,5,rectangle_java2.jpg,Java,low,A,stage3,-14,-14,1,-23,-23,1
180,5,rectangle_java2.jpg,Java,low,A,stage1,-2,-2,1,-10,-10,1
62,2,rectangle_java.jpg,Java,medium,A,stage1,-20,-20,1,-32,-32,1
62,2,rectangle_java.jpg,Java,medium,A,stage2,-4,-4,1,-35,-35,1
62,2,rectangle_java.jpg,Java,medium,A,stage3,-21,-21,1,-43,-43,1
62,5,vehicle_java.jpg,Java,medium,B,stage2,-17,-17,1,-22,-22,1
62,5,vehicle_java.jpg,Java,medium,B,stage3,-26,-26,1,-24,-24,1
62,5,vehicle_java.jpg,Java,medium,B,stage1,-25,-25,1,-23,-23,1
65,5,vehicle_java.jpg,Java,low,B,stage2,-20,-20,1,-23,-23,1
65,5,vehicle_java.jpg,Java,low,B,stage3,-22,-22,1,-26,-26,1
65,2,rectangle_java.jpg,Java,low,A,stage1,-17,-17,1,-31,-31,1
65,2,rectangle_java.jpg,Java,low,A,stage3,6,6,1,-27,-27,1
65,5,vehicle_java.jpg,Java,low,B,stage1,-39,-39,1,-36,-36,1
65,2,rectangle_java.jpg,Java,low,A,stage2,-30,-30,1,-40,-40,1
91,5,rectangle_java2.jpg,Java,medium,A,stage3,-26,-26,1,-44,-44,1
91,5,rectangle_java2.jpg,Java,medium,A,stage2,-23,-23,1,-43,-43,1
91,5,rectangle_java2.jpg,Java,medium,A,stage1,5,5,1,-17,-17,1
91,2,vehicle_java2.jpg,Java,medium,B,stage1,-30,-30,1,-26,-26,1
91,2,vehicle_java2.jpg,Java,medium,B,stage3,-48,-48,1,-38,-38,1
91,2,vehicle_java2.jpg,Java,medium,B,stage2,-37,-37,1,-41,-41,1
53,5,vehicle_java.jpg,Java,medium,B,stage2,-32,-32,1,-27,-27,1
53,5,vehicle_java.jpg,Java,medium,B,stage3,-32,-32,1,-50,-50,1
53,5,vehicle_java.jpg,Java,medium,B,stage1,-48,-48,1,-43,-43,1
53,2,rectangle_java.jpg,Java,medium,A,stage3,-6,-6,1,-15,-15,1
53,2,rectangle_java.jpg,Java,medium,A,stage2,-38,-38,1,-55,-55,1
53,2,rectangle_java.jpg,Java,medium,A,stage1,-47,-47,1,-52,-52,1
145,2,rectangle_java2.jpg,Java,medium,A,stage3,-37,-37,1,-53,-53,1
145,2,rectangle_java2.jpg,Java,medium,A,stage2,-16,-16,1,-12,-12,1
145,2,rectangle_java2.jpg,Java,medium,A,stage1,-39,-39,1,-55,-55,1
145,5,vehicle_java2.jpg,Java,medium,B,stage3,-24,-24,1,-46,-46,1
145,5,vehicle_java2.jpg,Java,medium,B,stage2,-34,-34,1,-33,-33,1
145,5,vehicle_java2.jpg,Java,medium,B,stage1,-31,-31,1,-35,-35,1
5,5,vehicle_java2.jpg,Java,low,B,stage1,-41,-41,1,-38,-38,1
5,5,vehicle_java2.jpg,Java,low,B,stage2,-8,-8,1,-13,-13,1
5,5,vehicle_java2.jpg,Java,low,B,stage3,-27,-27,1,-13,-13,1
5,2,rectangle_java2.jpg,Java,low,A,stage3,-35,-35,1,-23,-23,1
5,2,rectangle_java2.jpg,Java,low,A,stage2,-36,-36,1,-64,-64,1
5,2,rectangle_java2.jpg,Java,low,A,stage1,-6,-6,1,-12,-12,1
54,2,vehicle_java.jpg,Java,medium,B,stage1,-34,-34,1,-32,-32,1
54,2,vehicle_java.jpg,Java,medium,B,stage2,-27,-27,1,-29,-29,1
54,2,vehicle_java.jpg,Java,medium,B,stage3,-15,-15,1,-31,-31,1
54,5,rectangle_java.jpg,Java,medium,A,stage1,-11,-11,1,-45,-45,1
54,5,rectangle_java.jpg,Java,medium,A,stage3,-74,-72,2,-64,-64,1
54,5,rectangle_java.jpg,Java,medium,A,stage2,-46,-41,2,-50,-50,1
142,5,rectangle_java2.jpg,Java,medium,A,stage1,-22,-22,1,-29,-29,1
142,5,rectangle_java2.jpg,Java,medium,A,stage3,-56,-50,2,-52,-52,1
142,5,rectangle_java2.jpg,Java,medium,A,stage2,-36,-36,1,-41,-41,1
142,2,vehicle_java2.jpg,Java,medium,B,stage1,-29,-29,1,-24,-24,1
142,2,vehicle_java2.jpg,Java,medium,B,stage3,-48,-48,1,-38,-38,1
142,2,vehicle_java2.jpg,Java,medium,B,stage2,-28,-28,1,-38,-38,1
189,2,vehicle_java2.jpg,Java,medium,B,stage1,-34,-34,1,-32,-32,1
189,2,vehicle_java2.jpg,Java,medium,B,stage3,-11,-11,1,-28,-28,1
189,2,vehicle_java2.jpg,Java,medium,B,stage2,-24,-24,1,-21,-21,1
189,5,rectangle_java2.jpg,Java,medium,A,stage1,-13,-13,1,-17,-17,1
189,5,rectangle_java2.jpg,Java,medium,A,stage3,-38,-38,1,-42,-42,1
189,5,rectangle_java2.jpg,Java,medium,A,stage2,-18,-18,1,-49,-49,1
202,2,vehicle_java.jpg,Java,medium,B,stage2,-130,-125,2,-135,-135,1
202,2,vehicle_java.jpg,Java,medium,B,stage3,-106,-96,2,-117,-114,2
202,2,vehicle_java.jpg,Java,medium,B,stage1,-70,-65,2,-84,-69,2
202,5,rectangle_java.jpg,Java,medium,A,stage1,-39,-39,1,-41,-41,1
202,5,rectangle_java.jpg,Java,medium,A,stage3,-17,-17,1,-32,-32,1
202,5,rectangle_java.jpg,Java,medium,A,stage2,-30,-30,1,-32,-32,1
204,5,rectangle_java.jpg,Java,low,A,stage3,-23,-23,1,-45,-45,1
204,5,rectangle_java.jpg,Java,low,A,stage2,-23,-23,1,-51,-51,1
204,5,rectangle_java.jpg,Java,low,A,stage1,-12,-12,1,-28,-28,1
204,2,vehicle_java.jpg,Java,low,B,stage1,-29,-29,1,-27,-27,1
204,2,vehicle_java.jpg,Java,low,B,stage3,-20,-20,1,-30,-30,1
204,2,vehicle_java.jpg,Java,low,B,stage2,-41,-41,1,-39,-39,1
203,2,rectangle_java.jpg,Java,medium,A,stage1,-12,-12,1,-16,-16,1
203,2,rectangle_java.jpg,Java,medium,A,stage3,-32,-32,1,-35,-35,1
203,2,rectangle_java.jpg,Java,medium,A,stage2,-28,-28,1,-41,-41,1
203,5,vehicle_java.jpg,Java,medium,B,stage3,-24,-24,1,-40,-40,1
203,5,vehicle_java.jpg,Java,medium,B,stage2,-35,-35,1,-33,-33,1
203,5,vehicle_java.jpg,Java,medium,B,stage1,-12,-12,1,-10,-10,1
210,5,rectangle_java2.jpg,Java,high,A,stage1,-14,-14,1,-22,-22,1
210,5,rectangle_java2.jpg,Java,high,A,stage2,-19,-19,1,-23,-23,1
210,5,rectangle_java2.jpg,Java,high,A,stage3,-30,-30,1,-37,-37,1
210,2,vehicle_java2.jpg,Java,high,B,stage1,-31,-31,1,-27,-27,1
210,2,vehicle_java2.jpg,Java,high,B,stage2,-30,-30,1,-34,-34,1
210,2,vehicle_java2.jpg,Java,high,B,stage3,-32,-32,1,-37,-37,1
216,2,vehicle_java2.jpg,Java,none,B,stage3,-42,-42,1,-41,-41,1
216,2,vehicle_java2.jpg,Java,none,B,stage2,-22,-22,1,-25,-25,1
216,2,vehicle_java2.jpg,Java,none,B,stage1,-29,-29,1,-27,-27,1
211,2,rectangle_java2.jpg,Java,medium,A,stage1,10,10,1,-11,-11,1
211,2,rectangle_java2.jpg,Java,medium,A,stage2,-19,-19,1,-43,-43,1
211,2,rectangle_java2.jpg,Java,medium,A,stage3,-40,-40,1,-35,-35,1
211,5,vehicle_java2.jpg,Java,medium,B,stage1,-11,-11,1,-7,-7,1
211,5,vehicle_java2.jpg,Java,medium,B,stage3,-38,-38,1,-28,-28,1
211,5,vehicle_java2.jpg,Java,medium,B,stage2,-34,-34,1,-45,-45,1
49,2,rectangle_python.jpg,Python,medium,A,stage1,13,13,1,-3,-3,1
49,2,rectangle_python.jpg,Python,medium,A,stage2,-1,-1,1,-16,-16,1
49,2,rectangle_python.jpg,Python,medium,A,stage3,-15,-15,1,-21,-21,1
82,5,rectangle_java2.jpg,Java,high,A,stage1,-14,-14,1,-21,-21,1
82,5,rectangle_java2.jpg,Java,high,A,stage3,-31,-31,1,-34,-34,1
82,5,rectangle_java2.jpg,Java,high,A,stage2,-18,-18,1,-42,-42,1
82,2,vehicle_java2.jpg,Java,high,B,stage1,-29,-29,1,-25,-25,1
82,2,vehicle_java2.jpg,Java,high,B,stage2,-16,-16,1,-21,-21,1
82,2,vehicle_java2.jpg,Java,high,B,stage3,-41,-36,2,-43,-43,1
194,2,rectangle_java.jpg,Java,medium,A,stage2,-93,-77,2,-101,-101,1
194,2,rectangle_java.jpg,Java,medium,A,stage3,-70,-67,3,-47,-47,1
194,2,rectangle_java.jpg,Java,medium,A,stage1,-15,5,2,-10,-10,1
158,5,vehicle_java2.jpg,Java,high,B,stage3,-37,-37,1,-39,-39,1
158,5,vehicle_java2.jpg,Java,high,B,stage2,-24,-24,1,-28,-28,1
158,5,vehicle_java2.jpg,Java,high,B,stage1,-40,-40,1,-36,-36,1
158,2,rectangle_java2.jpg,Java,high,A,stage3,-51,-51,1,-40,-40,1
158,2,rectangle_java2.jpg,Java,high,A,stage2,-21,-21,1,-40,-40,1
158,2,rectangle_java2.jpg,Java,high,A,stage1,-15,-15,1,-26,-26,1
71,2,rectangle_java.jpg,Java,low,A,stage2,-20,-20,1,-39,-39,1
71,2,rectangle_java.jpg,Java,low,A,stage3,-20,-20,1,-42,-42,1
71,2,rectangle_java.jpg,Java,low,A,stage1,-11,-11,1,-18,-18,1
78,2,vehicle_java2.jpg,Java,low,B,stage1,-24,-24,1,-21,-21,1
78,2,vehicle_java2.jpg,Java,low,B,stage2,-20,-20,1,-18,-18,1
78,2,vehicle_java2.jpg,Java,low,B,stage3,-11,-11,1,-29,-29,1
78,5,rectangle_java2.jpg,Java,low,A,stage2,-35,-35,1,-28,-28,1
78,5,rectangle_java2.jpg,Java,low,A,stage3,-32,-32,1,-56,-56,1
78,5,rectangle_java2.jpg,Java,low,A,stage1,-2,-2,1,-16,-16,1
47,5,rectangle_python.jpg,Python,medium,A,stage3,-14,-14,1,-20,-20,1
47,5,rectangle_python.jpg,Python,medium,A,stage2,-8,-8,1,-28,-28,1
47,5,rectangle_python.jpg,Python,medium,A,stage1,10,10,1,-1,-1,1
151,2,rectangle_java2.jpg,Java,high,A,stage1,-78,-78,1,-77,-77,1
151,2,rectangle_java2.jpg,Java,high,A,stage2,-58,-58,1,-75,-75,1
151,2,rectangle_java2.jpg,Java,high,A,stage3,-79,-79,1,-73,-73,1
151,5,vehicle_java2.jpg,Java,high,B,stage2,-82,-82,1,-71,-71,1
151,5,vehicle_java2.jpg,Java,high,B,stage3,-72,-71,2,-95,-92,2
151,5,vehicle_java2.jpg,Java,high,B,stage1,-90,-90,1,-95,-95,1
169,2,vehicle_java.jpg,Java,medium,B,stage1,-33,-33,1,-29,-29,1
169,2,vehicle_java.jpg,Java,medium,B,stage3,-17,-17,1,-31,-31,1
169,2,vehicle_java.jpg,Java,medium,B,stage2,-30,-30,1,-35,-35,1
169,5,rectangle_java.jpg,Java,medium,A,stage3,-22,-17,2,-46,-46,1
169,5,rectangle_java.jpg,Java,medium,A,stage2,-54,-54,1,-66,-66,1
169,5,rectangle_java.jpg,Java,medium,A,stage1,-34,-29,2,-18,-18,1
40,2,rectangle_java.jpg,Java,medium,A,stage1,-21,-21,1,-31,-31,1
40,2,rectangle_java.jpg,Java,medium,A,stage3,-28,-28,1,-23,-23,1
40,2,rectangle_java.jpg,Java,medium,A,stage2,-26,-26,1,-31,-31,1
40,5,vehicle_java.jpg,Java,medium,B,stage3,-47,-47,1,-43,-43,1
40,5,vehicle_java.jpg,Java,medium,B,stage2,-7,-7,1,-23,-23,1
40,5,vehicle_java.jpg,Java,medium,B,stage1,-21,-21,1,-18,-18,1
14,2,rectangle_java2.jpg,Java,medium,A,stage1,-6,-6,1,-20,-20,1
14,2,rectangle_java2.jpg,Java,medium,A,stage3,-23,-23,1,-35,-35,1
14,2,rectangle_java2.jpg,Java,medium,A,stage2,-31,-31,1,-51,-51,1
105,2,rectangle_java2.jpg,Java,high,A,stage1,4,4,1,-15,-15,1
105,2,rectangle_java2.jpg,Java,high,A,stage2,-21,-21,1,-42,-42,1
105,2,rectangle_java2.jpg,Java,high,A,stage3,-28,-28,1,-50,-50,1
105,5,vehicle_java2.jpg,Java,high,B,stage1,-36,-36,1,-32,-32,1
105,5,vehicle_java2.jpg,Java,high,B,stage2,-19,-19,1,-21,-21,1
105,5,vehicle_java2.jpg,Java,high,B,stage3,-27,-27,1,-40,-40,1
13,5,vehicle_java2.jpg,Java,medium,B,stage1,-71,-69,2,-70,-64,2
13,5,vehicle_java2.jpg,Java,medium,B,stage3,-124,-115,3,-133,-128,2
13,5,vehicle_java2.jpg,Java,medium,B,stage2,-84,-84,1,-101,-97,2
13,2,rectangle_java2.jpg,Java,medium,A,stage1,-2,-2,1,-16,-16,1
13,2,rectangle_java2.jpg,Java,medium,A,stage2,-41,-41,1,-57,-57,1
13,2,rectangle_java2.jpg,Java,medium,A,stage3,-42,-42,1,-60,-60,1
133,5,vehicle_java2.jpg,Java,medium,B,stage1,-34,-34,1,-30,-30,1
133,5,vehicle_java2.jpg,Java,medium,B,stage2,-27,-27,1,-31,-31,1
133,5,vehicle_java2.jpg,Java,medium,B,stage3,-46,-38,2,-35,-27,2
25,5,vehicle_java2.jpg,Java,medium,B,stage1,-28,-28,1,-29,-29,1
25,5,vehicle_java2.jpg,Java,medium,B,stage3,-58,-58,1,-52,-52,1
25,5,vehicle_java2.jpg,Java,medium,B,stage2,-29,-29,1,-51,-51,1
25,2,rectangle_java2.jpg,Java,medium,A,stage2,-55,-55,1,-62,-62,1
25,2,rectangle_java2.jpg,Java,medium,A,stage3,-70,-58,2,-77,-77,1
25,2,rectangle_java2.jpg,Java,medium,A,stage1,-14,-14,1,-19,-19,1
168,5,vehicle_java2.jpg,Java,medium,B,stage1,23,23,1,1,1,1
168,2,rectangle_java2.jpg,Java,medium,A,stage3,-30,-30,1,-61,-61,1
168,2,rectangle_java2.jpg,Java,medium,A,stage2,-110,-107,2,-95,-91,2
168,5,vehicle_java2.jpg,Java,medium,B,stage2,-54,-54,1,-59,-59,1
168,2,rectangle_java2.jpg,Java,medium,A,stage1,-48,-38,2,-48,-48,1
168,5,vehicle_java2.jpg,Java,medium,B,stage3,-36,-36,1,-36,-36,1
41,5,vehicle_java2.jpg,Java,high,B,stage1,-45,-45,1,-41,-41,1
41,5,vehicle_java2.jpg,Java,high,B,stage2,-42,-42,1,-49,-49,1
41,5,vehicle_java2.jpg,Java,high,B,stage3,-53,-53,1,-60,-60,1
41,2,rectangle_java2.jpg,Java,high,A,stage2,-39,-39,1,-65,-65,1
41,2,rectangle_java2.jpg,Java,high,A,stage3,-58,-53,2,-61,-61,1
41,2,rectangle_java2.jpg,Java,high,A,stage1,-24,-24,1,-17,-17,1
79,5,rectangle_java2.jpg,Java,medium,A,stage1,-2,-2,1,-10,-10,1
79,5,rectangle_java2.jpg,Java,medium,A,stage3,-14,-1,2,-17,-17,1
79,5,rectangle_java2.jpg,Java,medium,A,stage2,-20,-20,1,-54,-54,1
79,2,vehicle_java2.jpg,Java,medium,B,stage3,-47,-40,2,-72,-61,2
79,2,vehicle_java2.jpg,Java,medium,B,stage2,-44,-44,1,-57,-57,1
79,2,vehicle_java2.jpg,Java,medium,B,stage1,-14,-14,1,-15,-15,1
192,2,rectangle_java.jpg,Java,medium,A,stage1,-33,-33,1,-33,-33,1
192,2,rectangle_java.jpg,Java,medium,A,stage2,-43,-43,1,-36,-36,1
192,2,rectangle_java.jpg,Java,medium,A,stage3,3,3,1,-22,-22,1
192,5,vehicle_java.jpg,Java,medium,B,stage1,-11,-11,1,-7,-7,1
192,5,vehicle_java.jpg,Java,medium,B,stage2,-42,-42,1,-46,-46,1
192,5,vehicle_java.jpg,Java,medium,B,stage3,-7,-7,1,-31,-31,1
84,2,vehicle_java2.jpg,Java,medium,B,stage3,-33,-33,1,-49,-49,1
84,2,vehicle_java2.jpg,Java,medium,B,stage2,-42,-42,1,-49,-49,1
84,2,vehicle_java2.jpg,Java,medium,B,stage1,-41,-41,1,-41,-41,1
84,5,rectangle_java2.jpg,Java,medium,A,stage3,-53,-52,2,-37,-37,1
84,5,rectangle_java2.jpg,Java,medium,A,stage2,-47,-46,2,-47,-47,1
84,5,rectangle_java2.jpg,Java,medium,A,stage1,-11,-11,1,-16,-16,1
166,5,vehicle_java.jpg,Java,medium,B,stage1,-27,-27,1,-35,-35,1
166,5,vehicle_java.jpg,Java,medium,B,stage3,-75,-62,2,-71,-70,2
166,5,vehicle_java.jpg,Java,medium,B,stage2,-36,-36,1,-44,-44,1
70,5,vehicle_java2.jpg,Java,low,B,stage1,-38,-38,1,-34,-34,1
70,5,vehicle_java2.jpg,Java,low,B,stage2,-36,-36,1,-33,-33,1
70,5,vehicle_java2.jpg,Java,low,B,stage3,-7,-7,1,-24,-24,1
48,5,rectangle_java2.jpg,Java,high,A,stage2,-17,-17,1,-24,-24,1
48,5,rectangle_java2.jpg,Java,high,A,stage3,-13,-13,1,-45,-45,1
48,5,rectangle_java2.jpg,Java,high,A,stage1,-28,-28,1,-48,-48,1
48,2,vehicle_java2.jpg,Java,high,B,stage3,-38,-37,2,-47,-47,1
48,2,vehicle_java2.jpg,Java,high,B,stage2,-16,-16,1,-12,-12,1
48,2,vehicle_java2.jpg,Java,high,B,stage1,-29,-29,1,-27,-27,1
161,2,vehicle_python.jpg,Python,medium,B,stage1,-12,-12,1,-15,-15,1
161,2,vehicle_python.jpg,Python,medium,B,stage2,-12,-12,1,-23,-23,1
161,2,vehicle_python.jpg,Python,medium,B,stage3,1,1,1,3,3,1
77,2,vehicle_java2.jpg,Java,medium,B,stage2,-43,-43,1,-52,-52,1
77,2,vehicle_java2.jpg,Java,medium,B,stage3,-22,-22,1,-48,-48,1
77,2,vehicle_java2.jpg,Java,medium,B,stage1,-45,-45,1,-40,-39,2
77,5,rectangle_java2.jpg,Java,medium,A,stage3,-59,-59,1,-61,-61,1
77,5,rectangle_java2.jpg,Java,medium,A,stage2,-18,-18,1,-48,-48,1
77,5,rectangle_java2.jpg,Java,medium,A,stage1,-44,-44,1,-31,-31,1
83,2,vehicle_java2.jpg,Java,medium,B,stage3,-65,-65,1,-61,-61,1
83,2,vehicle_java2.jpg,Java,medium,B,stage2,-49,-49,1,-46,-46,1
83,2,vehicle_java2.jpg,Java,medium,B,stage1,-22,-22,1,-22,-22,1
83,5,rectangle_java2.jpg,Java,medium,A,stage2,-79,-69,2,-64,-64,1
83,5,rectangle_java2.jpg,Java,medium,A,stage3,-45,-37,2,-43,-43,1
83,5,rectangle_java2.jpg,Java,medium,A,stage1,-34,-34,1,-33,-33,1
135,2,rectangle_java2.jpg,Java,medium,A,stage1,-11,-11,1,-21,-21,1
135,2,rectangle_java2.jpg,Java,medium,A,stage2,-39,-39,1,-61,-61,1
135,2,rectangle_java2.jpg,Java,medium,A,stage3,-52,-52,1,-60,-60,1
135,5,vehicle_java2.jpg,Java,medium,B,stage3,-72,-72,1,-78,-78,1
135,5,vehicle_java2.jpg,Java,medium,B,stage2,-66,-61,2,-70,-70,1
135,5,vehicle_java2.jpg,Java,medium,B,stage1,-52,-52,1,-55,-55,1
24,2,vehicle_java2.jpg,Java,medium,B,stage1,-38,-38,1,-34,-34,1
24,2,vehicle_java2.jpg,Java,medium,B,stage2,-15,-15,1,-18,-18,1
24,2,vehicle_java2.jpg,Java,medium,B,stage3,-37,-37,1,-23,-23,1
24,5,rectangle_java2.jpg,Java,medium,A,stage2,-11,-11,1,-41,-41,1
24,5,rectangle_java2.jpg,Java,medium,A,stage3,-23,-23,1,-26,-26,1
24,5,rectangle_java2.jpg,Java,medium,A,stage1,-23,-23,1,-25,-25,1
132,5,vehicle_java2.jpg,Java,low,B,stage3,-57,-57,1,-59,-59,1
132,5,vehicle_java2.jpg,Java,low,B,stage2,-5,-5,1,-21,-21,1
132,5,vehicle_java2.jpg,Java,low,B,stage1,-60,-60,1,-67,-67,1
132,2,rectangle_java2.jpg,Java,low,A,stage1,-73,-70,2,-87,-87,1
132,2,rectangle_java2.jpg,Java,low,A,stage3,-40,-34,2,-40,-40,1
132,2,rectangle_java2.jpg,Java,low,A,stage2,-70,-61,2,-50,-50,1
12,2,vehicle_java2.jpg,Java,low,B,stage1,-33,-33,1,-48,-48,1
12,5,rectangle_java2.jpg,Java,low,A,stage1,-11,-11,1,-23,-23,1
12,2,vehicle_java2.jpg,Java,low,B,stage2,-26,-26,1,-29,-29,1
12,5,rectangle_java2.jpg,Java,low,A,stage2,-5,-5,1,-16,-16,1
12,5,rectangle_java2.jpg,Java,low,A,stage3,-20,-20,1,-42,-42,1
12,2,vehicle_java2.jpg,Java,low,B,stage3,-34,-34,1,-58,-58,1
104,5,vehicle_java.jpg,Java,medium,B,stage3,-38,-38,1,-41,-41,1
104,5,vehicle_java.jpg,Java,medium,B,stage2,-23,-23,1,-42,-42,1
104,5,vehicle_java.jpg,Java,medium,B,stage1,-53,-53,1,-47,-47,1
104,2,rectangle_java.jpg,Java,medium,A,stage3,-46,-46,1,-60,-60,1
104,2,rectangle_java.jpg,Java,medium,A,stage2,-40,-40,1,-56,-56,1
104,2,rectangle_java.jpg,Java,medium,A,stage1,-47,-47,1,-47,-47,1
15,2,rectangle_java.jpg,Java,medium,A,stage2,-19,-19,1,-53,-53,1
15,2,rectangle_java.jpg,Java,medium,A,stage3,-23,-23,1,-39,-39,1
15,2,rectangle_java.jpg,Java,medium,A,stage1,-21,-9,2,-27,-27,1
