Unnamed: 0,trial,participant,code_file,code_language,timestamp,duration,x_cord,y_cord,aoi_x,aoi_y,aoi_width,aoi_height,token,length,srcML,quality,line,part
9619,2,28,rectangle_java2.jpg,rectangle_java2.jpg,30300955534,332,631.9460241,232.0554217,592,225,58,15,public,6,class->specifier,85,1,1
9620,2,28,rectangle_java2.jpg,rectangle_java2.jpg,30301231540,216,757.4046296,227.3577778,717,225,87,15,Rectangle,9,class->name,85,1,3
9621,2,28,rectangle_java2.jpg,rectangle_java2.jpg,30301543675,296,673.5579730000001,227.6116216,660,225,47,15,class,5,class,85,1,2
9622,2,28,rectangle_java2.jpg,rectangle_java2.jpg,30301835470,268,758.7380597,228.5552239,717,225,87,15,Rectangle,9,class->name,85,1,3
9623,2,28,rectangle_java2.jpg,rectangle_java2.jpg,30302327520,104,696.1946154,285.9730769,672,297,58,16,public,6,class->block->constructor->specifier,85,3,1
9624,2,28,rectangle_java2.jpg,rectangle_java2.jpg,30302883177,60,782.3253333,286.086,740,297,86,16,Rectangle,9,class->block->constructor->name,85,3,2
9625,2,28,rectangle_java2.jpg,rectangle_java2.jpg,30303003198,116,789.0917241000001,286.0424138,740,297,86,16,Rectangle,9,class->block->constructor->name,85,3,2
9626,2,28,rectangle_java2.jpg,rectangle_java2.jpg,30303239333,136,875.94,271.715,884,262,18,16,x2,2,class->block->decl_stmt->decl->name,85,2,7
9627,2,28,rectangle_java2.jpg,rectangle_java2.jpg,30303463357,96,837.92,271.5141667,836,262,18,16,y1,2,class->block->decl_stmt->decl->name,85,2,5
9628,2,28,rectangle_java2.jpg,rectangle_java2.jpg,30304107391,172,729.3476744,268.21906980000006,672,262,68,16,private,7,class->block->decl_stmt->decl->type->specifier,85,2,1
9629,2,28,rectangle_java2.jpg,rectangle_java2.jpg,30304415360,268,800.7977612000001,263.4753731,788,262,18,16,x1,2,class->block->decl_stmt->decl->name,85,2,3
9630,2,28,rectangle_java2.jpg,rectangle_java2.jpg,30304539332,120,797.0683333,265.451,788,262,18,16,x1,2,class->block->decl_stmt->decl->name,85,2,3
9631,2,28,rectangle_java2.jpg,rectangle_java2.jpg,30304643265,56,681.7392857000001,299.5057143,672,297,58,16,public,6,class->block->constructor->specifier,85,3,1
9632,2,28,rectangle_java2.jpg,rectangle_java2.jpg,30304751162,104,676.76,294.6907692,672,297,58,16,public,6,class->block->constructor->specifier,85,3,1
9633,2,28,rectangle_java2.jpg,rectangle_java2.jpg,30304935169,92,750.4113043,305.0504348,740,297,86,16,Rectangle,9,class->block->constructor->name,85,3,2
9634,2,28,rectangle_java2.jpg,rectangle_java2.jpg,30305047210,108,752.7788889,293.8977778,740,297,86,16,Rectangle,9,class->block->constructor->name,85,3,2
9635,2,28,rectangle_java2.jpg,rectangle_java2.jpg,30305167229,96,807.3691667,293.1066667,740,297,86,16,Rectangle,9,class->block->constructor->name,85,3,2
9636,2,28,rectangle_java2.jpg,rectangle_java2.jpg,30305583200,152,751.0957894999999,301.12973680000005,740,297,86,16,Rectangle,9,class->block->constructor->name,85,3,2
9637,2,28,rectangle_java2.jpg,rectangle_java2.jpg,30305811223,120,894.743,287.173,894,297,18,16,x1,2,class->block->constructor->parameter_list->parameter->decl->type->name,85,3,5
9638,2,28,rectangle_java2.jpg,rectangle_java2.jpg,30305907235,92,887.0169565,286.69217389999994,894,297,18,16,x1,2,class->block->constructor->parameter_list->parameter->decl->type->name,85,3,5
9639,2,28,rectangle_java2.jpg,rectangle_java2.jpg,30306087222,140,833.6497142999999,291.57,839,297,9,16,(,1,class->block->constructor->parameter_list,85,3,3
9640,2,28,rectangle_java2.jpg,rectangle_java2.jpg,30306527083,104,1133.779615,291.695,1115,297,28,16,int,3,class->block->constructor->parameter_list->parameter->decl->type->name,85,3,13
9641,2,28,rectangle_java2.jpg,rectangle_java2.jpg,30306710955,136,805.8185294,326.1391176,809,333,10,16,=,1,class->block->constructor->block->block_content->expr_stmt->expr->operator,85,4,2
9642,2,28,rectangle_java2.jpg,rectangle_java2.jpg,30307123045,328,751.0565853999999,337.7973171,734,333,66,16,this.x1,7,class->block->constructor->block->block_content->expr_stmt->expr->name->name->operator->name,85,4,1
9643,2,28,rectangle_java2.jpg,rectangle_java2.jpg,30307243064,116,750.6434482999999,340.46034480000003,734,333,66,16,this.x1,7,class->block->constructor->block->block_content->expr_stmt->expr->name->name->operator->name,85,4,1
9644,2,28,rectangle_java2.jpg,rectangle_java2.jpg,30307399069,152,753.2565789,347.5902632,734,333,66,16,this.x1,7,class->block->constructor->block->block_content->expr_stmt->expr->name->name->operator->name,85,4,1
9645,2,28,rectangle_java2.jpg,rectangle_java2.jpg,30307655079,200,814.7724,347.05400000000003,809,333,10,16,=,1,class->block->constructor->block->block_content->expr_stmt->expr->operator,85,4,2
9646,2,28,rectangle_java2.jpg,rectangle_java2.jpg,30307827062,144,905.2838889,297.8119444,894,297,18,16,x1,2,class->block->constructor->parameter_list->parameter->decl->type->name,85,3,5
9647,2,28,rectangle_java2.jpg,rectangle_java2.jpg,30307963057,132,904.8551515,299.88,894,297,18,16,x1,2,class->block->constructor->parameter_list->parameter->decl->type->name,85,3,5
9648,2,28,rectangle_java2.jpg,rectangle_java2.jpg,30308091079,72,680.6044444,301.8433333,672,297,58,16,public,6,class->block->constructor->specifier,85,3,1
9649,2,28,rectangle_java2.jpg,rectangle_java2.jpg,30308179133,84,682.7214286000001,309.46285710000006,672,297,58,16,public,6,class->block->constructor->specifier,85,3,1
9650,2,28,rectangle_java2.jpg,rectangle_java2.jpg,30308247176,64,681.796875,298.7575,672,297,58,16,public,6,class->block->constructor->specifier,85,3,1
9651,2,28,rectangle_java2.jpg,rectangle_java2.jpg,30308343117,84,779.797619,307.9252381,740,297,86,16,Rectangle,9,class->block->constructor->name,85,3,2
9652,2,28,rectangle_java2.jpg,rectangle_java2.jpg,30308454969,108,782.0692592999999,307.0648148,740,297,86,16,Rectangle,9,class->block->constructor->name,85,3,2
9653,2,28,rectangle_java2.jpg,rectangle_java2.jpg,30308774916,68,730.8488235,304.56235289999995,740,297,86,16,Rectangle,9,class->block->constructor->name,85,3,2
9654,2,28,rectangle_java2.jpg,rectangle_java2.jpg,30308894946,116,731.3658621000001,296.5751724,740,297,86,16,Rectangle,9,class->block->constructor->name,85,3,2
9655,2,28,rectangle_java2.jpg,rectangle_java2.jpg,30309058944,136,687.8573529,301.5420588,672,297,58,16,public,6,class->block->constructor->specifier,85,3,1
9656,2,28,rectangle_java2.jpg,rectangle_java2.jpg,30309158961,96,688.4404167,304.2425,672,297,58,16,public,6,class->block->constructor->specifier,85,3,1
9657,2,28,rectangle_java2.jpg,rectangle_java2.jpg,30309431017,236,781.5362712,305.7652542,740,297,86,16,Rectangle,9,class->block->constructor->name,85,3,2
9658,2,28,rectangle_java2.jpg,rectangle_java2.jpg,30309535002,100,770.686,302.3268,740,297,86,16,Rectangle,9,class->block->constructor->name,85,3,2
9659,2,28,rectangle_java2.jpg,rectangle_java2.jpg,30309906960,264,775.584697,307.3854545,740,297,86,16,Rectangle,9,class->block->constructor->name,85,3,2
9660,2,28,rectangle_java2.jpg,rectangle_java2.jpg,30310262950,104,809.9092307999999,308.0369231,740,297,86,16,Rectangle,9,class->block->constructor->name,85,3,2
9661,2,28,rectangle_java2.jpg,rectangle_java2.jpg,30310662804,160,1033.28375,307.4275,1029,297,27,16,int,3,class->block->constructor->parameter_list->parameter->decl->type->name,85,3,10
9662,2,28,rectangle_java2.jpg,rectangle_java2.jpg,30310938748,164,878.9982927000001,289.8753659,856,297,28,16,int,3,class->block->constructor->parameter_list->parameter->decl->type->name,85,3,4
9663,2,28,rectangle_java2.jpg,rectangle_java2.jpg,30311038776,96,869.02125,287.27875,856,297,28,16,int,3,class->block->constructor->parameter_list->parameter->decl->type->name,85,3,4
9664,2,28,rectangle_java2.jpg,rectangle_java2.jpg,30311546737,56,740.5471428999999,328.3592857,734,333,66,16,this.x1,7,class->block->constructor->block->block_content->expr_stmt->expr->name->name->operator->name,85,4,1
9665,2,28,rectangle_java2.jpg,rectangle_java2.jpg,30311606771,56,713.145,305.7685714,672,297,58,16,public,6,class->block->constructor->specifier,85,3,1
9666,2,28,rectangle_java2.jpg,rectangle_java2.jpg,30311758822,148,708.0578377999999,297.1589189,672,297,58,16,public,6,class->block->constructor->specifier,85,3,1
9667,2,28,rectangle_java2.jpg,rectangle_java2.jpg,30311914817,128,798.728125,290.865625,740,297,86,16,Rectangle,9,class->block->constructor->name,85,3,2
9668,2,28,rectangle_java2.jpg,rectangle_java2.jpg,30312038772,120,801.9706667,285.8493333,740,297,86,16,Rectangle,9,class->block->constructor->name,85,3,2
9669,2,28,rectangle_java2.jpg,rectangle_java2.jpg,30312614578,356,703.1710112000001,293.051573,672,297,58,16,public,6,class->block->constructor->specifier,85,3,1
9670,2,28,rectangle_java2.jpg,rectangle_java2.jpg,30312690667,64,795.0275,299.108125,740,297,86,16,Rectangle,9,class->block->constructor->name,85,3,2
9671,2,28,rectangle_java2.jpg,rectangle_java2.jpg,30312798696,104,790.8373077,291.21038460000005,740,297,86,16,Rectangle,9,class->block->constructor->name,85,3,2
9672,2,28,rectangle_java2.jpg,rectangle_java2.jpg,30312866714,64,790.6575,298.485,740,297,86,16,Rectangle,9,class->block->constructor->name,85,3,2
9673,2,28,rectangle_java2.jpg,rectangle_java2.jpg,30312942711,72,787.1416667000001,289.8511111,740,297,86,16,Rectangle,9,class->block->constructor->name,85,3,2
9674,2,28,rectangle_java2.jpg,rectangle_java2.jpg,30313358776,116,749.5534482999999,358.0762069,734,370,65,15,this.y1,7,class->block->constructor->block->block_content->expr_stmt->expr->name->name->operator->name,85,5,1
9675,2,28,rectangle_java2.jpg,rectangle_java2.jpg,30313434744,72,740.8616667,335.6816667,734,333,66,16,this.x1,7,class->block->constructor->block->block_content->expr_stmt->expr->name->name->operator->name,85,4,1
9676,2,28,rectangle_java2.jpg,rectangle_java2.jpg,30313554691,56,743.3335714,342.64142860000004,734,333,66,16,this.x1,7,class->block->constructor->block->block_content->expr_stmt->expr->name->name->operator->name,85,4,1
9677,2,28,rectangle_java2.jpg,rectangle_java2.jpg,30314062581,72,785.3733333,330.43555560000004,734,333,66,16,this.x1,7,class->block->constructor->block->block_content->expr_stmt->expr->name->name->operator->name,85,4,1
9678,2,28,rectangle_java2.jpg,rectangle_java2.jpg,30314274441,172,836.252093,357.7916279,829,370,18,15,y1,2,class->block->constructor->block->block_content->expr_stmt->expr->name->name,85,5,3
9679,2,28,rectangle_java2.jpg,rectangle_java2.jpg,30314342475,64,836.84625,360.125625,829,370,18,15,y1,2,class->block->constructor->block->block_content->expr_stmt->expr->name->name,85,5,3
9680,2,28,rectangle_java2.jpg,rectangle_java2.jpg,30314442519,96,834.01375,341.7954167,829,333,19,16,x1,2,class->block->constructor->block->block_content->expr_stmt->expr->name->name,85,4,3
9681,2,28,rectangle_java2.jpg,rectangle_java2.jpg,30314762578,256,733.7940625,438.5704688,734,441,65,22,this.y2,7,class->block->constructor->block->block_content->expr_stmt->expr->name->name->operator->name,85,7,1
9682,2,28,rectangle_java2.jpg,rectangle_java2.jpg,30314886533,72,753.1288889,269.3161111,751,262,27,16,int,3,class->block->decl_stmt->decl->type->name,85,2,2
9683,2,28,rectangle_java2.jpg,rectangle_java2.jpg,30314986512,96,740.5170833,273.0833333,751,262,27,16,int,3,class->block->decl_stmt->decl->type->name,85,2,2
9684,2,28,rectangle_java2.jpg,rectangle_java2.jpg,30315182514,152,807.7863158,505.9910526000001,778,515,49,15,width,5,class->block->function->name,85,9,3
9685,2,28,rectangle_java2.jpg,rectangle_java2.jpg,30315986456,196,823.0579592,441.47,829,441,18,22,y2,2,class->block->constructor->block->block_content->expr_stmt->expr->name->name,85,7,3
9686,2,28,rectangle_java2.jpg,rectangle_java2.jpg,30316246355,236,676.5328814,559.4808475,672,552,58,16,public,6,class->block->function->type->specifier,85,10,1
9687,2,28,rectangle_java2.jpg,rectangle_java2.jpg,30316362387,88,760.1059091,542.8513636,741,552,27,16,int,3,class->block->function->type->name,85,10,2
9688,2,28,rectangle_java2.jpg,rectangle_java2.jpg,30316522417,156,768.3171795,543.2735897000001,778,552,58,16,height,6,class->block->function->name,85,10,3
9689,2,28,rectangle_java2.jpg,rectangle_java2.jpg,30316782451,68,732.4352941000001,554.6976471,741,552,27,16,int,3,class->block->function->type->name,85,10,2
9690,2,28,rectangle_java2.jpg,rectangle_java2.jpg,30317166629,220,793.6729091,547.4294545,778,552,58,16,height,6,class->block->function->name,85,10,3
9691,2,28,rectangle_java2.jpg,rectangle_java2.jpg,30317406480,236,791.2576271,544.9933897999999,778,552,58,16,height,6,class->block->function->name,85,10,3
9692,2,28,rectangle_java2.jpg,rectangle_java2.jpg,30317790414,56,942.4514286,540.1028571,904,552,57,16,return,6,class->block->function->block->block_content->return,85,10,7
9693,2,28,rectangle_java2.jpg,rectangle_java2.jpg,30318594257,112,1023.676786,545.2457142999999,972,552,64,16,this.y2,7,class->block->function->block->block_content->return->expr->name->name->operator->name,85,10,8
9694,2,28,rectangle_java2.jpg,rectangle_java2.jpg,30318698231,56,1112.0064289999998,540.5442857,1068,552,65,16,-,1,class->block->function->block->block_content->return->expr->operator,85,10,9
9695,2,28,rectangle_java2.jpg,rectangle_java2.jpg,30318758245,56,1116.300714,541.0421428999999,1068,552,65,16,-,1,class->block->function->block->block_content->return->expr->operator,85,10,9
9696,2,28,rectangle_java2.jpg,rectangle_java2.jpg,30318858267,96,1119.955833,547.6108333,1068,552,65,16,-,1,class->block->function->block->block_content->return->expr->operator,85,10,9
9697,2,28,rectangle_java2.jpg,rectangle_java2.jpg,30319586277,192,794.3089583,576.4583332999999,740,588,57,20,double,6,class->block->function->type->name,85,11,2
9698,2,28,rectangle_java2.jpg,rectangle_java2.jpg,30319698305,108,792.8955556,580.9288889,740,588,57,20,double,6,class->block->function->type->name,85,11,2
9699,2,28,rectangle_java2.jpg,rectangle_java2.jpg,30319934373,184,744.1419565,628.4945652000001,740,624,57,16,static,6,class->block->function->type->specifier,85,12,2
9700,2,28,rectangle_java2.jpg,rectangle_java2.jpg,30320058179,68,679.5082352999999,631.0841176,672,624,58,16,public,6,class->block->function->type->specifier,85,12,1
9701,2,28,rectangle_java2.jpg,rectangle_java2.jpg,30320282145,168,811.1297619,620.577381,808,624,39,16,void,4,class->block->function->type->name,85,12,3
9702,2,28,rectangle_java2.jpg,rectangle_java2.jpg,30320362137,76,810.6547368,624.6326316000001,808,624,39,16,void,4,class->block->function->type->name,85,12,3
9703,2,28,rectangle_java2.jpg,rectangle_java2.jpg,30320458122,92,784.4056522000001,630.3352173999999,740,624,57,16,static,6,class->block->function->type->specifier,85,12,2
9704,2,28,rectangle_java2.jpg,rectangle_java2.jpg,30320730152,180,1027.622,619.8293332999999,1028,624,37,16,args,4,class->block->function->parameter_list->parameter->decl->name,85,12,9
9705,2,28,rectangle_java2.jpg,rectangle_java2.jpg,30321002176,240,941.6195,617.7188332999999,923,624,57,16,String,6,class->block->function->parameter_list->parameter->decl->type->name->name,85,12,6
9706,2,28,rectangle_java2.jpg,rectangle_java2.jpg,30321170147,156,1092.824103,619.8438462,1098,624,4,16,{,1,class->block->function->block,85,12,11
9707,2,28,rectangle_java2.jpg,rectangle_java2.jpg,30322421994,296,1075.82,579.8605405000001,982,588,94,20,this.width,10,class->block->function->block->block_content->return->expr->call->name->name->operator->name,85,11,8
9708,2,28,rectangle_java2.jpg,rectangle_java2.jpg,30322513979,88,1077.690909,578.7486364,1089,588,5,20,(,1,class->block->function->block->block_content->return->expr->call->argument_list,85,11,9
9709,2,28,rectangle_java2.jpg,rectangle_java2.jpg,30322793986,252,1029.273651,578.5334921,982,588,94,20,this.width,10,class->block->function->block->block_content->return->expr->call->name->name->operator->name,85,11,8
9710,2,28,rectangle_java2.jpg,rectangle_java2.jpg,30323050001,176,1113.750909,577.9588636,1126,588,8,20,*,1,class->block->function->block->block_content->return->expr->operator,85,11,11
9711,2,28,rectangle_java2.jpg,rectangle_java2.jpg,30323302018,248,1092.900645,581.9432257999999,1089,588,5,20,(,1,class->block->function->block->block_content->return->expr->call->argument_list,85,11,9
9712,2,28,rectangle_java2.jpg,rectangle_java2.jpg,30323413980,108,1092.320741,576.0833332999999,1089,588,5,20,(,1,class->block->function->block->block_content->return->expr->call->argument_list,85,11,9
9713,2,28,rectangle_java2.jpg,rectangle_java2.jpg,30323753801,304,1122.715921,580.4406579,1126,588,8,20,*,1,class->block->function->block->block_content->return->expr->operator,85,11,11
9714,2,28,rectangle_java2.jpg,rectangle_java2.jpg,30324669892,56,974.5278571,547.815,972,552,64,16,this.y2,7,class->block->function->block->block_content->return->expr->name->name->operator->name,85,10,8
9715,2,28,rectangle_java2.jpg,rectangle_java2.jpg,30324985950,80,1019.683,542.3575,972,552,64,16,this.y2,7,class->block->function->block->block_content->return->expr->name->name->operator->name,85,10,8
9716,2,28,rectangle_java2.jpg,rectangle_java2.jpg,30325185902,64,992.523125,521.519375,962,515,65,15,this.x2,7,class->block->function->block->block_content->return->expr->name->name->operator->name->operator,85,9,8
9717,2,28,rectangle_java2.jpg,rectangle_java2.jpg,30325509741,156,1021.148462,545.6848718,972,552,64,16,this.y2,7,class->block->function->block->block_content->return->expr->name->name->operator->name,85,10,8
9718,2,28,rectangle_java2.jpg,rectangle_java2.jpg,30325649738,92,1112.420435,554.1908696,1068,552,65,16,-,1,class->block->function->block->block_content->return->expr->operator,85,10,9
9719,2,28,rectangle_java2.jpg,rectangle_java2.jpg,30325741730,88,1104.844545,544.1831817999999,1068,552,65,16,-,1,class->block->function->block->block_content->return->expr->operator,85,10,9
9720,2,28,rectangle_java2.jpg,rectangle_java2.jpg,30325825723,80,1075.389,540.2195,1068,552,65,16,-,1,class->block->function->block->block_content->return->expr->operator,85,10,9
9721,2,28,rectangle_java2.jpg,rectangle_java2.jpg,30326009675,64,1068.5425,544.27,1068,552,65,16,-,1,class->block->function->block->block_content->return->expr->operator,85,10,9
9722,2,28,rectangle_java2.jpg,rectangle_java2.jpg,30326101677,56,1121.553571,557.5621428999999,1068,552,65,16,-,1,class->block->function->block->block_content->return->expr->operator,85,10,9
9723,2,28,rectangle_java2.jpg,rectangle_java2.jpg,30326169691,64,1118.295625,561.89875,1068,552,65,16,-,1,class->block->function->block->block_content->return->expr->operator,85,10,9
9724,2,28,rectangle_java2.jpg,rectangle_java2.jpg,30326397706,148,788.3559458999999,546.7508108,778,552,58,16,height,6,class->block->function->name,85,10,3
9725,2,28,rectangle_java2.jpg,rectangle_java2.jpg,30326481694,80,784.1295,551.739,778,552,58,16,height,6,class->block->function->name,85,10,3
9726,2,28,rectangle_java2.jpg,rectangle_java2.jpg,30326645683,132,730.02,552.2112121,741,552,27,16,int,3,class->block->function->type->name,85,10,2
9727,2,28,rectangle_java2.jpg,rectangle_java2.jpg,30327565592,112,1246.212857,600.7721429,1145,588,103,20,this.height,11,class->block->function->block->block_content->return->expr->call->name->name->operator->name,85,11,12
9728,2,28,rectangle_java2.jpg,rectangle_java2.jpg,30327717571,116,1292.940345,607.6210345,1298,588,6,20,;,1,class->block->function->block->block_content->return,85,11,15
9729,2,28,rectangle_java2.jpg,rectangle_java2.jpg,30327929594,144,730.2261111,668.6225,732,658,87,17,Rectangle,9,class->block->function->block->block_content->decl_stmt->decl->type->name,85,13,1
9730,2,28,rectangle_java2.jpg,rectangle_java2.jpg,30328265579,108,787.1377778,649.7051852000001,732,658,87,17,Rectangle,9,class->block->function->block->block_content->decl_stmt->decl->type->name,85,13,1
9731,2,28,rectangle_java2.jpg,rectangle_java2.jpg,30328329580,60,791.0866667,654.258,732,658,87,17,Rectangle,9,class->block->function->block->block_content->decl_stmt->decl->type->name,85,13,1
9732,2,28,rectangle_java2.jpg,rectangle_java2.jpg,30328513607,148,748.3421622000001,650.7505405,732,658,87,17,Rectangle,9,class->block->function->block->block_content->decl_stmt->decl->type->name,85,13,1
9733,2,28,rectangle_java2.jpg,rectangle_java2.jpg,30328585605,68,752.4705882000001,653.5252941000001,732,658,87,17,Rectangle,9,class->block->function->block->block_content->decl_stmt->decl->type->name,85,13,1
9734,2,28,rectangle_java2.jpg,rectangle_java2.jpg,30328769584,180,775.4348888999999,647.7113333,732,658,87,17,Rectangle,9,class->block->function->block->block_content->decl_stmt->decl->type->name,85,13,1
9735,2,28,rectangle_java2.jpg,rectangle_java2.jpg,30328865565,84,871.1823810000001,645.7328571,829,658,47,17,rect1,5,class->block->function->block->block_content->decl_stmt->decl->name,85,13,2
9736,2,28,rectangle_java2.jpg,rectangle_java2.jpg,30328997587,128,875.104375,647.601875,829,658,47,17,rect1,5,class->block->function->block->block_content->decl_stmt->decl->name,85,13,2
9737,2,28,rectangle_java2.jpg,rectangle_java2.jpg,30328997587,128,875.104375,647.601875,886,658,10,17,=,1,class->block->function->block->block_content->decl_stmt->decl->init,85,13,3
9738,2,28,rectangle_java2.jpg,rectangle_java2.jpg,30329061601,60,840.0939999999999,650.2426667000001,829,658,47,17,rect1,5,class->block->function->block->block_content->decl_stmt->decl->name,85,13,2
9739,2,28,rectangle_java2.jpg,rectangle_java2.jpg,30329277213,212,834.3841509,653.4569811000001,829,658,47,17,rect1,5,class->block->function->block->block_content->decl_stmt->decl->name,85,13,2
9740,2,28,rectangle_java2.jpg,rectangle_java2.jpg,30329477438,188,988.6244681,651.203617,944,658,86,17,Rectangle,9,class->block->function->block->block_content->decl_stmt->decl->init->expr->call->name,85,13,5
9741,2,28,rectangle_java2.jpg,rectangle_java2.jpg,30329717498,208,940.4582692,651.4748077,944,658,86,17,Rectangle,9,class->block->function->block->block_content->decl_stmt->decl->init->expr->call->name,85,13,5
9742,2,28,rectangle_java2.jpg,rectangle_java2.jpg,30329805638,84,943.9866667,647.4461905000001,944,658,86,17,Rectangle,9,class->block->function->block->block_content->decl_stmt->decl->init->expr->call->name,85,13,5
9743,2,28,rectangle_java2.jpg,rectangle_java2.jpg,30330189428,340,1045.003176,649.8945882,1043,658,5,17,(,1,class->block->function->block->block_content->decl_stmt->decl->init->expr->call->argument_list,85,13,6
9744,2,28,rectangle_java2.jpg,rectangle_java2.jpg,30330273402,80,1050.9545,654.568,1060,658,8,17,0,1,class->block->function->block->block_content->decl_stmt->decl->init->expr->call->argument_list->argument->expr->literal,85,13,7
9745,2,28,rectangle_java2.jpg,rectangle_java2.jpg,30330461378,184,1062.261087,649.9143478,1060,658,8,17,0,1,class->block->function->block->block_content->decl_stmt->decl->init->expr->call->argument_list->argument->expr->literal,85,13,7
9746,2,28,rectangle_java2.jpg,rectangle_java2.jpg,30330665441,160,1029.25325,655.46275,944,658,86,17,Rectangle,9,class->block->function->block->block_content->decl_stmt->decl->init->expr->call->name,85,13,5
9747,2,28,rectangle_java2.jpg,rectangle_java2.jpg,30331033230,276,753.7043477999999,689.0324638,733,697,173,15,System.out.println,18,class->block->function->block->block_content->expr_stmt->expr->call->name->name->operator->name->operator->name,85,14,1
9748,2,28,rectangle_java2.jpg,rectangle_java2.jpg,30331181195,144,746.0486111,691.7372222,733,697,173,15,System.out.println,18,class->block->function->block->block_content->expr_stmt->expr->call->name->name->operator->name->operator->name,85,14,1
9749,2,28,rectangle_java2.jpg,rectangle_java2.jpg,30331309296,112,833.5585714,687.5578571000001,733,697,173,15,System.out.println,18,class->block->function->block->block_content->expr_stmt->expr->call->name->name->operator->name->operator->name,85,14,1
9750,2,28,rectangle_java2.jpg,rectangle_java2.jpg,30331369306,56,834.5278571,687.4685714,733,697,173,15,System.out.println,18,class->block->function->block->block_content->expr_stmt->expr->call->name->name->operator->name->operator->name,85,14,1
9751,2,28,rectangle_java2.jpg,rectangle_java2.jpg,30331657314,104,795.9730768999999,690.5388462000001,733,697,173,15,System.out.println,18,class->block->function->block->block_content->expr_stmt->expr->call->name->name->operator->name->operator->name,85,14,1
9752,2,28,rectangle_java2.jpg,rectangle_java2.jpg,30331857302,164,757.2117073,685.347561,733,697,173,15,System.out.println,18,class->block->function->block->block_content->expr_stmt->expr->call->name->name->operator->name->operator->name,85,14,1
9753,2,28,rectangle_java2.jpg,rectangle_java2.jpg,30332141540,260,860.2213846000001,669.0896922999999,829,658,47,17,rect1,5,class->block->function->block->block_content->decl_stmt->decl->name,85,13,2
9754,2,28,rectangle_java2.jpg,rectangle_java2.jpg,30332657332,464,775.1889655,659.3157759,732,658,87,17,Rectangle,9,class->block->function->block->block_content->decl_stmt->decl->type->name,85,13,1
9755,2,28,rectangle_java2.jpg,rectangle_java2.jpg,30332757317,96,775.1829167000001,652.02125,732,658,87,17,Rectangle,9,class->block->function->block->block_content->decl_stmt->decl->type->name,85,13,1
9756,2,28,rectangle_java2.jpg,rectangle_java2.jpg,30332901152,140,825.2408571000001,655.9382857,829,658,47,17,rect1,5,class->block->function->block->block_content->decl_stmt->decl->name,85,13,2
9757,2,28,rectangle_java2.jpg,rectangle_java2.jpg,30333013102,108,834.7185185,662.4866667,829,658,47,17,rect1,5,class->block->function->block->block_content->decl_stmt->decl->name,85,13,2
9758,2,28,rectangle_java2.jpg,rectangle_java2.jpg,30333505175,108,991.0462963,673.2237037000001,944,658,86,17,Rectangle,9,class->block->function->block->block_content->decl_stmt->decl->init->expr->call->name,85,13,5
9759,2,28,rectangle_java2.jpg,rectangle_java2.jpg,30333589169,80,991.776,668.804,944,658,86,17,Rectangle,9,class->block->function->block->block_content->decl_stmt->decl->init->expr->call->name,85,13,5
9760,2,28,rectangle_java2.jpg,rectangle_java2.jpg,30333709158,84,934.192381,665.9104762000001,905,658,30,17,new,3,class->block->function->block->block_content->decl_stmt->decl->init->expr->operator,85,13,4
9761,2,28,rectangle_java2.jpg,rectangle_java2.jpg,30333709158,84,934.192381,665.9104762000001,944,658,86,17,Rectangle,9,class->block->function->block->block_content->decl_stmt->decl->init->expr->call->name,85,13,5
9762,2,28,rectangle_java2.jpg,rectangle_java2.jpg,30333845290,132,925.2990909,663.0015152000001,905,658,30,17,new,3,class->block->function->block->block_content->decl_stmt->decl->init->expr->operator,85,13,4
9763,2,28,rectangle_java2.jpg,rectangle_java2.jpg,30334001263,128,763.3571875,711.8759375,733,697,173,15,System.out.println,18,class->block->function->block->block_content->expr_stmt->expr->call->name->name->operator->name->operator->name,85,14,1
9764,2,28,rectangle_java2.jpg,rectangle_java2.jpg,30334253119,96,789.9758333,694.2554167000001,733,697,173,15,System.out.println,18,class->block->function->block->block_content->expr_stmt->expr->call->name->name->operator->name->operator->name,85,14,1
9765,2,28,rectangle_java2.jpg,rectangle_java2.jpg,30334333130,76,827.5626316,700.6736842,733,697,173,15,System.out.println,18,class->block->function->block->block_content->expr_stmt->expr->call->name->name->operator->name->operator->name,85,14,1
9766,2,28,rectangle_java2.jpg,rectangle_java2.jpg,30334485166,148,832.4456757,697.2391892,733,697,173,15,System.out.println,18,class->block->function->block->block_content->expr_stmt->expr->call->name->name->operator->name->operator->name,85,14,1
9767,2,28,rectangle_java2.jpg,rectangle_java2.jpg,30334613172,124,858.3751613,699.7167742,733,697,173,15,System.out.println,18,class->block->function->block->block_content->expr_stmt->expr->call->name->name->operator->name->operator->name,85,14,1
9768,2,28,rectangle_java2.jpg,rectangle_java2.jpg,30334861108,160,955.17925,694.66875,935,697,95,15,rect1.area,10,class->block->function->block->block_content->expr_stmt->expr->call->argument_list->argument->expr->call->name->name->operator->name,85,14,3
9769,2,28,rectangle_java2.jpg,rectangle_java2.jpg,30334969085,76,910.2063158,690.4294737,919,697,4,15,(,1,class->block->function->block->block_content->expr_stmt->expr->call->argument_list,85,14,2
9770,2,28,rectangle_java2.jpg,rectangle_java2.jpg,30335029083,56,905.8035714,697.765,733,697,173,15,System.out.println,18,class->block->function->block->block_content->expr_stmt->expr->call->name->name->operator->name->operator->name,85,14,1
9771,2,28,rectangle_java2.jpg,rectangle_java2.jpg,30335149071,80,1034.1660000000002,686.8305,1043,697,5,15,(,1,class->block->function->block->block_content->expr_stmt->expr->call->argument_list->argument->expr->call->argument_list,85,14,4
9772,2,28,rectangle_java2.jpg,rectangle_java2.jpg,30335237058,84,1037.950476,687.6585713999999,1043,697,5,15,(,1,class->block->function->block->block_content->expr_stmt->expr->call->argument_list->argument->expr->call->argument_list,85,14,4
9773,2,28,rectangle_java2.jpg,rectangle_java2.jpg,30335569064,112,1150.716071,674.3260713999999,1137,658,17,17,10,2,class->block->function->block->block_content->decl_stmt->decl->init->expr->call->argument_list->argument->expr->literal,85,13,11
9774,2,28,rectangle_java2.jpg,rectangle_java2.jpg,30335693062,88,1094.509091,685.85,1099,697,5,15,;,1,class->block->function->block->block_content->expr_stmt,85,14,7
9775,2,28,rectangle_java2.jpg,rectangle_java2.jpg,30335861050,164,1099.004878,686.4060976,1099,697,5,15,;,1,class->block->function->block->block_content->expr_stmt,85,14,7
9776,2,28,rectangle_java2.jpg,rectangle_java2.jpg,30336081023,184,854.0115217,704.4845652,733,697,173,15,System.out.println,18,class->block->function->block->block_content->expr_stmt->expr->call->name->name->operator->name->operator->name,85,14,1
9777,2,28,rectangle_java2.jpg,rectangle_java2.jpg,30336461027,360,743.5043333,724.3257778,732,730,87,19,Rectangle,9,class->block->function->block->block_content->decl_stmt->decl->type->name,85,15,1
9778,2,28,rectangle_java2.jpg,rectangle_java2.jpg,30336545064,80,738.868,724.9955,732,730,87,19,Rectangle,9,class->block->function->block->block_content->decl_stmt->decl->type->name,85,15,1
9779,2,28,rectangle_java2.jpg,rectangle_java2.jpg,30336756908,192,805.0860417,727.4277083,732,730,87,19,Rectangle,9,class->block->function->block->block_content->decl_stmt->decl->type->name,85,15,1
9780,2,28,rectangle_java2.jpg,rectangle_java2.jpg,30336948804,176,859.3586364,724.2204545,829,730,47,19,rect2,5,class->block->function->block->block_content->decl_stmt->decl->name,85,15,2
9781,2,28,rectangle_java2.jpg,rectangle_java2.jpg,30337016873,64,851.763125,733.623125,829,730,47,19,rect2,5,class->block->function->block->block_content->decl_stmt->decl->name,85,15,2
9782,2,28,rectangle_java2.jpg,rectangle_java2.jpg,30337228892,208,839.8492308,727.9198077000001,829,730,47,19,rect2,5,class->block->function->block->block_content->decl_stmt->decl->name,85,15,2
9783,2,28,rectangle_java2.jpg,rectangle_java2.jpg,30337456914,192,896.7583332999999,741.6385417,905,730,30,19,new,3,class->block->function->block->block_content->decl_stmt->decl->init->expr->operator,85,15,4
9784,2,28,rectangle_java2.jpg,rectangle_java2.jpg,30337524913,64,889.370625,735.721875,886,730,10,19,=,1,class->block->function->block->block_content->decl_stmt->decl->init,85,15,3
9785,2,28,rectangle_java2.jpg,rectangle_java2.jpg,30337652919,88,990.9795455,743.9927273,944,730,86,19,Rectangle,9,class->block->function->block->block_content->decl_stmt->decl->init->expr->call->name,85,15,5
9786,2,28,rectangle_java2.jpg,rectangle_java2.jpg,30337724959,68,994.5876471,738.8370587999999,944,730,86,19,Rectangle,9,class->block->function->block->block_content->decl_stmt->decl->init->expr->call->name,85,15,5
9787,2,28,rectangle_java2.jpg,rectangle_java2.jpg,30338008879,232,964.247069,735.072069,944,730,86,19,Rectangle,9,class->block->function->block->block_content->decl_stmt->decl->init->expr->call->name,85,15,5
9788,2,28,rectangle_java2.jpg,rectangle_java2.jpg,30338140847,128,965.388125,748.6746875,944,730,86,19,Rectangle,9,class->block->function->block->block_content->decl_stmt->decl->init->expr->call->name,85,15,5
9789,2,28,rectangle_java2.jpg,rectangle_java2.jpg,30338376915,168,1024.316429,727.3538095,944,730,86,19,Rectangle,9,class->block->function->block->block_content->decl_stmt->decl->init->expr->call->name,85,15,5
9790,2,28,rectangle_java2.jpg,rectangle_java2.jpg,30338476902,96,1019.2975,729.5945833,944,730,86,19,Rectangle,9,class->block->function->block->block_content->decl_stmt->decl->init->expr->call->name,85,15,5
9791,2,28,rectangle_java2.jpg,rectangle_java2.jpg,30338564752,68,1074.582941,717.5141176,1080,730,7,19,",",1,class->block->function->block->block_content->decl_stmt->decl->init->expr->call->argument_list,85,15,8
9792,2,28,rectangle_java2.jpg,rectangle_java2.jpg,30338664576,96,1064.349167,727.33125,1060,730,8,19,5,1,class->block->function->block->block_content->decl_stmt->decl->init->expr->call->argument_list->argument->expr->literal,85,15,7
9793,2,28,rectangle_java2.jpg,rectangle_java2.jpg,30338844702,156,775.7297436000001,767.9423077,733,769,173,15,System.out.println,18,class->block->function->block->block_content->expr_stmt->expr->call->name->name->operator->name->operator->name,85,16,1
9794,2,28,rectangle_java2.jpg,rectangle_java2.jpg,30338980780,132,768.2154545,762.7581818,733,769,173,15,System.out.println,18,class->block->function->block->block_content->expr_stmt->expr->call->name->name->operator->name->operator->name,85,16,1
9795,2,28,rectangle_java2.jpg,rectangle_java2.jpg,30339260693,252,859.9090476,764.7688889,733,769,173,15,System.out.println,18,class->block->function->block->block_content->expr_stmt->expr->call->name->name->operator->name->operator->name,85,16,1
9796,2,28,rectangle_java2.jpg,rectangle_java2.jpg,30339352713,88,841.03,767.9077272999999,733,769,173,15,System.out.println,18,class->block->function->block->block_content->expr_stmt->expr->call->name->name->operator->name->operator->name,85,16,1
9797,2,28,rectangle_java2.jpg,rectangle_java2.jpg,30339544788,180,976.2991111,766.0524444,935,769,95,15,rect2.area,10,class->block->function->block->block_content->expr_stmt->expr->call->argument_list->argument->expr->call->name->name->operator->name,85,16,3
9798,2,28,rectangle_java2.jpg,rectangle_java2.jpg,30339736794,128,919.6475,773.5203125,919,769,4,15,(,1,class->block->function->block->block_content->expr_stmt->expr->call->argument_list,85,16,2
9799,2,28,rectangle_java2.jpg,rectangle_java2.jpg,30339824777,84,912.6061905,774.1047619,919,769,4,15,(,1,class->block->function->block->block_content->expr_stmt->expr->call->argument_list,85,16,2
9800,2,28,rectangle_java2.jpg,rectangle_java2.jpg,30341872649,88,935.3518182,772.9868182,935,769,95,15,rect2.area,10,class->block->function->block->block_content->expr_stmt->expr->call->argument_list->argument->expr->call->name->name->operator->name,85,16,3
9801,2,28,rectangle_java2.jpg,rectangle_java2.jpg,30342144618,188,720.7965957,598.317234,672,588,58,20,public,6,class->block->function->type->specifier,85,11,1
9802,2,28,rectangle_java2.jpg,rectangle_java2.jpg,30342224643,56,704.8907142999999,563.18,672,552,58,16,public,6,class->block->function->type->specifier,85,10,1
9803,2,28,rectangle_java2.jpg,rectangle_java2.jpg,30342348625,120,708.648,559.2423332999999,672,552,58,16,public,6,class->block->function->type->specifier,85,10,1
9804,2,28,rectangle_java2.jpg,rectangle_java2.jpg,30342712817,76,800.7636842000001,663.4952632000001,732,658,87,17,Rectangle,9,class->block->function->block->block_content->decl_stmt->decl->type->name,85,13,1
9805,2,28,rectangle_java2.jpg,rectangle_java2.jpg,30342828637,112,807.8096429,659.4867857,732,658,87,17,Rectangle,9,class->block->function->block->block_content->decl_stmt->decl->type->name,85,13,1
9806,2,28,rectangle_java2.jpg,rectangle_java2.jpg,30343116530,244,749.58,669.0565574,732,658,87,17,Rectangle,9,class->block->function->block->block_content->decl_stmt->decl->type->name,85,13,1
9807,2,28,rectangle_java2.jpg,rectangle_java2.jpg,30343248491,128,828.5475,654.91125,829,658,47,17,rect1,5,class->block->function->block->block_content->decl_stmt->decl->name,85,13,2
9808,2,28,rectangle_java2.jpg,rectangle_java2.jpg,30343368472,116,828.8765517,649.8158621,829,658,47,17,rect1,5,class->block->function->block->block_content->decl_stmt->decl->name,85,13,2
9809,2,28,rectangle_java2.jpg,rectangle_java2.jpg,30343492486,72,863.845,658.6877778,829,658,47,17,rect1,5,class->block->function->block->block_content->decl_stmt->decl->name,85,13,2
9810,2,28,rectangle_java2.jpg,rectangle_java2.jpg,30343608494,112,876.9982143,660.5507142999999,886,658,10,17,=,1,class->block->function->block->block_content->decl_stmt->decl->init,85,13,3
9811,2,28,rectangle_java2.jpg,rectangle_java2.jpg,30343708494,96,873.5958332999999,650.3216667,829,658,47,17,rect1,5,class->block->function->block->block_content->decl_stmt->decl->name,85,13,2
9812,2,28,rectangle_java2.jpg,rectangle_java2.jpg,30343708494,96,873.5958332999999,650.3216667,886,658,10,17,=,1,class->block->function->block->block_content->decl_stmt->decl->init,85,13,3
9813,2,28,rectangle_java2.jpg,rectangle_java2.jpg,30343852534,132,988.2775758,661.8206061000001,944,658,86,17,Rectangle,9,class->block->function->block->block_content->decl_stmt->decl->init->expr->call->name,85,13,5
9814,2,28,rectangle_java2.jpg,rectangle_java2.jpg,30343916554,60,992.5546667,653.622,944,658,86,17,Rectangle,9,class->block->function->block->block_content->decl_stmt->decl->init->expr->call->name,85,13,5
9815,2,28,rectangle_java2.jpg,rectangle_java2.jpg,30344176504,212,726.1783019,599.6392453,672,588,58,20,public,6,class->block->function->type->specifier,85,11,1
9816,2,28,rectangle_java2.jpg,rectangle_java2.jpg,30344368226,100,686.8304,511.3072,672,515,58,15,public,6,class->block->function->type->specifier,85,9,1
9817,2,28,rectangle_java2.jpg,rectangle_java2.jpg,30344588318,132,674.7584847999999,307.0263636,672,297,58,16,public,6,class->block->constructor->specifier,85,3,1
9818,2,28,rectangle_java2.jpg,rectangle_java2.jpg,30344684385,76,666.7410526000001,232.4094737,660,225,47,15,class,5,class,85,1,2
9819,2,28,rectangle_java2.jpg,rectangle_java2.jpg,30344812365,124,662.0716129,225.44903230000003,660,225,47,15,class,5,class,85,1,2
9820,2,28,rectangle_java2.jpg,rectangle_java2.jpg,30344888366,72,747.1805555999999,216.8233333,717,225,87,15,Rectangle,9,class->name,85,1,3
9821,2,28,rectangle_java2.jpg,rectangle_java2.jpg,30345048350,156,752.8146154,231.984359,717,225,87,15,Rectangle,9,class->name,85,1,3
9822,2,28,rectangle_java2.jpg,rectangle_java2.jpg,30345348374,148,681.2462162,539.8659458999999,672,552,58,16,public,6,class->block->function->type->specifier,85,10,1
9823,2,28,rectangle_java2.jpg,rectangle_java2.jpg,30345504355,88,777.3654544999999,372.4636364,734,370,65,15,this.y1,7,class->block->constructor->block->block_content->expr_stmt->expr->name->name->operator->name,85,5,1
9824,2,28,rectangle_java2.jpg,rectangle_java2.jpg,30345704370,132,800.0318182,230.9590909,717,225,87,15,Rectangle,9,class->name,85,1,3
9825,2,28,rectangle_java2.jpg,rectangle_java2.jpg,30345872668,164,799.6134146,230.08829269999995,717,225,87,15,Rectangle,9,class->name,85,1,3
9826,2,28,rectangle_java2.jpg,rectangle_java2.jpg,30346288090,364,682.6661538,583.0514286,672,588,58,20,public,6,class->block->function->type->specifier,85,11,1
9827,2,28,rectangle_java2.jpg,rectangle_java2.jpg,30346408208,92,782.3352173999999,580.5565217,740,588,57,20,double,6,class->block->function->type->name,85,11,2
9828,2,28,rectangle_java2.jpg,rectangle_java2.jpg,30346496284,84,789.5342857,586.1190475999999,740,588,57,20,double,6,class->block->function->type->name,85,11,2
9829,2,28,rectangle_java2.jpg,rectangle_java2.jpg,30346776275,220,938.5865455,547.8109091,904,552,57,16,return,6,class->block->function->block->block_content->return,85,10,7
9830,2,28,rectangle_java2.jpg,rectangle_java2.jpg,30347148243,316,1154.387595,549.6277215,1164,552,6,16,;,1,class->block->function->block->block_content->return,85,10,11
9831,2,28,rectangle_java2.jpg,rectangle_java2.jpg,30347252230,76,1159.206842,594.1015788999999,1145,588,103,20,this.height,11,class->block->function->block->block_content->return->expr->call->name->name->operator->name,85,11,12
9832,2,28,rectangle_java2.jpg,rectangle_java2.jpg,30347364221,108,1159.347037,600.9588888999999,1145,588,103,20,this.height,11,class->block->function->block->block_content->return->expr->call->name->name->operator->name,85,11,12
9833,2,28,rectangle_java2.jpg,rectangle_java2.jpg,30347584229,156,903.3489744,580.2141026,913,588,58,20,return,6,class->block->function->block->block_content->return,85,11,7
9834,2,28,rectangle_java2.jpg,rectangle_java2.jpg,30347764241,176,898.4081818,578.5572727000001,897,588,4,20,{,1,class->block->function->block,85,11,6
9835,2,28,rectangle_java2.jpg,rectangle_java2.jpg,30347900192,104,828.4138462000001,582.9453846,807,588,39,20,area,4,class->block->function->name,85,11,3
9836,2,28,rectangle_java2.jpg,rectangle_java2.jpg,30348120000,128,730.8965625,583.269375,740,588,57,20,double,6,class->block->function->type->name,85,11,2
9837,2,28,rectangle_java2.jpg,rectangle_java2.jpg,30348556100,92,777.7326087,328.2947826,734,333,66,16,this.x1,7,class->block->constructor->block->block_content->expr_stmt->expr->name->name->operator->name,85,4,1
9838,2,28,rectangle_java2.jpg,rectangle_java2.jpg,30348692093,108,709.9022222,308.4018519,672,297,58,16,public,6,class->block->constructor->specifier,85,3,1
9839,2,28,rectangle_java2.jpg,rectangle_java2.jpg,30348784073,88,708.2868182,307.3509091,672,297,58,16,public,6,class->block->constructor->specifier,85,3,1
9840,2,28,rectangle_java2.jpg,rectangle_java2.jpg,30349052369,184,751.6413043,636.2736957000001,740,624,57,16,static,6,class->block->function->type->specifier,85,12,2
9841,2,28,rectangle_java2.jpg,rectangle_java2.jpg,30349636238,156,896.0941026,654.0876923,905,658,30,17,new,3,class->block->function->block->block_content->decl_stmt->decl->init->expr->operator,85,13,4
9842,2,28,rectangle_java2.jpg,rectangle_java2.jpg,30349772088,132,902.9263636,653.1109091,905,658,30,17,new,3,class->block->function->block->block_content->decl_stmt->decl->init->expr->operator,85,13,4
9843,2,28,rectangle_java2.jpg,rectangle_java2.jpg,30350051962,208,825.1326922999999,661.3323077,829,658,47,17,rect1,5,class->block->function->block->block_content->decl_stmt->decl->name,85,13,2
9844,2,28,rectangle_java2.jpg,rectangle_java2.jpg,30350223974,96,894.3616667000001,663.83,886,658,10,17,=,1,class->block->function->block->block_content->decl_stmt->decl->init,85,13,3
9845,2,28,rectangle_java2.jpg,rectangle_java2.jpg,30350223974,96,894.3616667000001,663.83,905,658,30,17,new,3,class->block->function->block->block_content->decl_stmt->decl->init->expr->operator,85,13,4
9846,2,28,rectangle_java2.jpg,rectangle_java2.jpg,30350399980,152,1039.689737,657.9360526,1043,658,5,17,(,1,class->block->function->block->block_content->decl_stmt->decl->init->expr->call->argument_list,85,13,6
9847,2,28,rectangle_java2.jpg,rectangle_java2.jpg,30350507979,104,1036.543462,661.2411538,1043,658,5,17,(,1,class->block->function->block->block_content->decl_stmt->decl->init->expr->call->argument_list,85,13,6
9848,2,28,rectangle_java2.jpg,rectangle_java2.jpg,30350620059,56,1098.617857,648.1057142999999,1098,658,8,17,0,1,class->block->function->block->block_content->decl_stmt->decl->init->expr->call->argument_list->argument->expr->literal,85,13,9
9849,2,28,rectangle_java2.jpg,rectangle_java2.jpg,30350684105,60,1095.098667,653.8606667,1098,658,8,17,0,1,class->block->function->block->block_content->decl_stmt->decl->init->expr->call->argument_list->argument->expr->literal,85,13,9
9850,2,28,rectangle_java2.jpg,rectangle_java2.jpg,30350748068,60,1105.202667,650.05,1098,658,8,17,0,1,class->block->function->block->block_content->decl_stmt->decl->init->expr->call->argument_list->argument->expr->literal,85,13,9
9851,2,28,rectangle_java2.jpg,rectangle_java2.jpg,30350839994,68,780.5694118,647.6617647,732,658,87,17,Rectangle,9,class->block->function->block->block_content->decl_stmt->decl->type->name,85,13,1
9852,2,28,rectangle_java2.jpg,rectangle_java2.jpg,30350955971,112,767.9078571,648.105,732,658,87,17,Rectangle,9,class->block->function->block->block_content->decl_stmt->decl->type->name,85,13,1
9853,2,28,rectangle_java2.jpg,rectangle_java2.jpg,30351899631,116,675.6341378999999,585.8465517000001,672,588,58,20,public,6,class->block->function->type->specifier,85,11,1
9854,2,28,rectangle_java2.jpg,rectangle_java2.jpg,30352051749,148,679.2891892000001,578.4227027000001,672,588,58,20,public,6,class->block->function->type->specifier,85,11,1
9855,2,28,rectangle_java2.jpg,rectangle_java2.jpg,30352359842,84,680.74,272.4561905,672,262,68,16,private,7,class->block->decl_stmt->decl->type->specifier,85,2,1
9856,2,28,rectangle_java2.jpg,rectangle_java2.jpg,30352519805,156,681.2830769,265.7466667,672,262,68,16,private,7,class->block->decl_stmt->decl->type->specifier,85,2,1
9857,2,28,rectangle_java2.jpg,rectangle_java2.jpg,30352743795,136,783.98,228.80852940000003,717,225,87,15,Rectangle,9,class->name,85,1,3
9858,2,28,rectangle_java2.jpg,rectangle_java2.jpg,30352867829,120,785.547,227.1583333,717,225,87,15,Rectangle,9,class->name,85,1,3
9859,2,28,rectangle_java2.jpg,rectangle_java2.jpg,30352979836,108,794.4103704,217.2685185,717,225,87,15,Rectangle,9,class->name,85,1,3
9860,2,28,rectangle_java2.jpg,rectangle_java2.jpg,30353287861,80,714.0385,265.046,672,262,68,16,private,7,class->block->decl_stmt->decl->type->specifier,85,2,1
9861,2,28,rectangle_java2.jpg,rectangle_java2.jpg,30353479832,188,709.6610638,256.5823404,672,262,68,16,private,7,class->block->decl_stmt->decl->type->specifier,85,2,1
9862,2,28,rectangle_java2.jpg,rectangle_java2.jpg,30353651771,132,803.2081818,258.9075758,788,262,18,16,x1,2,class->block->decl_stmt->decl->name,85,2,3
9863,2,28,rectangle_java2.jpg,rectangle_java2.jpg,30353791663,96,682.7825,575.5795833,672,588,58,20,public,6,class->block->function->type->specifier,85,11,1
9864,2,28,rectangle_java2.jpg,rectangle_java2.jpg,30353939675,144,677.2594444,566.0586111,672,552,58,16,public,6,class->block->function->type->specifier,85,10,1
9865,2,28,rectangle_java2.jpg,rectangle_java2.jpg,30354411675,92,666.7813043,808.9821739,675,807,5,12,},1,class->block->function->block,85,17,1
9866,2,28,rectangle_java2.jpg,rectangle_java2.jpg,30354791688,96,638.4358333,235.6654167,592,225,58,15,public,6,class->specifier,85,1,1
9867,2,28,rectangle_java2.jpg,rectangle_java2.jpg,30354879682,84,640.32,235.5495238,592,225,58,15,public,6,class->specifier,85,1,1
9868,2,28,rectangle_java2.jpg,rectangle_java2.jpg,30354971684,88,636.8240909,233.2763636,592,225,58,15,public,6,class->specifier,85,1,1
9869,2,28,rectangle_java2.jpg,rectangle_java2.jpg,30355307684,324,788.5108642000001,231.9977778,717,225,87,15,Rectangle,9,class->name,85,1,3
9870,2,28,rectangle_java2.jpg,rectangle_java2.jpg,30355531546,116,705.9241379,294.9868966,672,297,58,16,public,6,class->block->constructor->specifier,85,3,1
9871,2,28,rectangle_java2.jpg,rectangle_java2.jpg,30355635451,60,680.4806667,517.234,672,515,58,15,public,6,class->block->function->type->specifier,85,9,1
9872,2,28,rectangle_java2.jpg,rectangle_java2.jpg,30355743454,104,678.2826922999999,520.8619231,672,515,58,15,public,6,class->block->function->type->specifier,85,9,1
9873,2,28,rectangle_java2.jpg,rectangle_java2.jpg,30356091523,100,769.2496,274.3576,751,262,27,16,int,3,class->block->decl_stmt->decl->type->name,85,2,2
9874,2,28,rectangle_java2.jpg,rectangle_java2.jpg,30356295567,200,766.4884,262.0466,751,262,27,16,int,3,class->block->decl_stmt->decl->type->name,85,2,2
9875,2,28,rectangle_java2.jpg,rectangle_java2.jpg,30356471562,148,732.8924324,293.8967568,740,297,86,16,Rectangle,9,class->block->constructor->name,85,3,2
9876,2,28,rectangle_java2.jpg,rectangle_java2.jpg,30357351513,152,749.8318421,270.2694737,751,262,27,16,int,3,class->block->decl_stmt->decl->type->name,85,2,2
9877,2,28,rectangle_java2.jpg,rectangle_java2.jpg,30357411472,56,749.1471429,256.0635714,751,262,27,16,int,3,class->block->decl_stmt->decl->type->name,85,2,2
9878,2,28,rectangle_java2.jpg,rectangle_java2.jpg,30357503422,56,784.03,250.4414286,788,262,18,16,x1,2,class->block->decl_stmt->decl->name,85,2,3
9879,2,28,rectangle_java2.jpg,rectangle_java2.jpg,30357751426,200,656.4912,233.7926,660,225,47,15,class,5,class,85,1,2
9880,2,28,rectangle_java2.jpg,rectangle_java2.jpg,30358183437,164,789.7434146,235.8226829,717,225,87,15,Rectangle,9,class->name,85,1,3
9881,2,28,rectangle_java2.jpg,rectangle_java2.jpg,30358499478,300,679.9610667000001,232.9428,660,225,47,15,class,5,class,85,1,2
9882,2,28,rectangle_java2.jpg,rectangle_java2.jpg,30358795438,236,617.2722034,238.5916949,592,225,58,15,public,6,class->specifier,85,1,1
9883,2,28,rectangle_java2.jpg,rectangle_java2.jpg,30358999415,188,761.8865957,230.6757447,717,225,87,15,Rectangle,9,class->name,85,1,3
9884,2,28,rectangle_java2.jpg,rectangle_java2.jpg,30359379221,100,731.8712,563.0216,741,552,27,16,int,3,class->block->function->type->name,85,10,2
9885,2,28,rectangle_java2.jpg,rectangle_java2.jpg,30359687248,68,853.8658823999999,548.2205882000001,849,552,5,16,(,1,class->block->function->parameter_list,85,10,4
9886,2,28,rectangle_java2.jpg,rectangle_java2.jpg,30359687248,68,853.8658823999999,548.2205882000001,866,552,5,16,),1,class->block->function->parameter_list,85,10,5
9887,2,28,rectangle_java2.jpg,rectangle_java2.jpg,30360091265,60,727.1846667,549.992,672,552,58,16,public,6,class->block->function->type->specifier,85,10,1
9888,2,28,rectangle_java2.jpg,rectangle_java2.jpg,30360219287,124,721.4716129,551.5574194,672,552,58,16,public,6,class->block->function->type->specifier,85,10,1
9889,2,28,rectangle_java2.jpg,rectangle_java2.jpg,30360607274,96,849.3833332999999,634.5558333,854,624,40,16,main,4,class->block->function->name,85,12,4
9890,2,28,rectangle_java2.jpg,rectangle_java2.jpg,30360867268,164,843.25,629.7439024,808,624,39,16,void,4,class->block->function->type->name,85,12,3
9891,2,28,rectangle_java2.jpg,rectangle_java2.jpg,30360867268,164,843.25,629.7439024,854,624,40,16,main,4,class->block->function->name,85,12,4
9892,2,28,rectangle_java2.jpg,rectangle_java2.jpg,30361047041,176,854.2284091,649.6559091,829,658,47,17,rect1,5,class->block->function->block->block_content->decl_stmt->decl->name,85,13,2
9893,2,28,rectangle_java2.jpg,rectangle_java2.jpg,30361166950,80,788.452,663.1519999999999,732,658,87,17,Rectangle,9,class->block->function->block->block_content->decl_stmt->decl->type->name,85,13,1
9894,2,28,rectangle_java2.jpg,rectangle_java2.jpg,30361314924,144,794.2347222,659.5013888999999,732,658,87,17,Rectangle,9,class->block->function->block->block_content->decl_stmt->decl->type->name,85,13,1
9895,2,28,rectangle_java2.jpg,rectangle_java2.jpg,30361378987,60,783.2626667000001,658.9593332999999,732,658,87,17,Rectangle,9,class->block->function->block->block_content->decl_stmt->decl->type->name,85,13,1
9896,2,28,rectangle_java2.jpg,rectangle_java2.jpg,30362787800,72,811.1411111000001,408.6977778,809,407,10,14,=,1,class->block->constructor->block->block_content->expr_stmt->expr->operator,85,6,2
9897,2,28,rectangle_java2.jpg,rectangle_java2.jpg,30362905093,80,802.5625,400.5705,809,407,10,14,=,1,class->block->constructor->block->block_content->expr_stmt->expr->operator,85,6,2
