Unnamed: 0,trial,participant,code_file,code_language,timestamp,duration,x_cord,y_cord,aoi_x,aoi_y,aoi_width,aoi_height,token,length,srcML,quality,line,part,complexity
27731,2,78,vehicle_java2.jpg,vehicle_java2.jpg,14194146808,80,943.4335,426.8435,944,415,11,16,=,1,class->block->constructor->block->block_content->expr_stmt->expr->operator,70,8,2,A
27732,2,78,vehicle_java2.jpg,vehicle_java2.jpg,14194326837,124,806.7064516,269.9441935,778,268,69,20,Vehicle,7,class->block->constructor->name,70,4,2,A
27733,2,78,vehicle_java2.jpg,vehicle_java2.jpg,14195494388,184,754.6028261,150.8265217,719,143,48,16,class,5,class,70,1,2,A
27734,2,78,vehicle_java2.jpg,vehicle_java2.jpg,14195874671,72,753.5838888999999,130.9255556,719,143,48,16,class,5,class,70,1,2,A
27735,2,78,vehicle_java2.jpg,vehicle_java2.jpg,14196330678,100,772.8839999999999,133.0092,776,143,68,16,Vehicle,7,class->name,70,1,3,A
27736,2,78,vehicle_java2.jpg,vehicle_java2.jpg,14196558702,224,767.8782143,149.2301786,776,143,68,16,Vehicle,7,class->name,70,1,3,A
27737,2,78,vehicle_java2.jpg,vehicle_java2.jpg,14197250563,88,848.1963636,156.6768182,855,143,7,16,{,1,class->block,70,1,4,A
27738,2,78,vehicle_java2.jpg,vehicle_java2.jpg,14197558544,112,913.5807143,169.91,885,180,38,16,type,4,class->block->decl_stmt->decl->name,70,2,4,A
27739,2,78,vehicle_java2.jpg,vehicle_java2.jpg,14197618543,56,913.6157143,186.9428571,885,180,38,16,type,4,class->block->decl_stmt->decl->name,70,2,4,A
27740,2,78,vehicle_java2.jpg,vehicle_java2.jpg,14197890501,116,741.1103448,191.5562069,712,180,58,16,String,6,class->block->decl_stmt->decl->type->name,70,2,1,A
27741,2,78,vehicle_java2.jpg,vehicle_java2.jpg,14197970519,76,740.6710526,192.2857895,712,180,58,16,String,6,class->block->decl_stmt->decl->type->name,70,2,1,A
27742,2,78,vehicle_java2.jpg,vehicle_java2.jpg,14198442464,176,820.8563636,210.5193182,750,216,78,16,topSpeed,8,class->block->decl_stmt->decl->name,70,3,2,A
27743,2,78,vehicle_java2.jpg,vehicle_java2.jpg,14198606556,160,802.2775,212.53475,750,216,78,16,topSpeed,8,class->block->decl_stmt->decl->name,70,3,2,A
27744,2,78,vehicle_java2.jpg,vehicle_java2.jpg,14198786477,176,798.2690909,206.3720455,750,216,78,16,topSpeed,8,class->block->decl_stmt->decl->name,70,3,2,A
27745,2,78,vehicle_java2.jpg,vehicle_java2.jpg,14199142406,60,839.3553332999999,178.2753333,778,180,78,16,producer,8,class->block->decl_stmt->decl->name,70,2,2,A
27746,2,78,vehicle_java2.jpg,vehicle_java2.jpg,14199254419,96,915.2445832999998,189.0429167,885,180,38,16,type,4,class->block->decl_stmt->decl->name,70,2,4,A
27747,2,78,vehicle_java2.jpg,vehicle_java2.jpg,14199538439,280,918.4882857,193.2731429,885,180,38,16,type,4,class->block->decl_stmt->decl->name,70,2,4,A
27748,2,78,vehicle_java2.jpg,vehicle_java2.jpg,14200398380,172,926.0474419,259.8444186,875,268,58,20,String,6,class->block->constructor->parameter_list->parameter->decl->type->name,70,4,4,A
27749,2,78,vehicle_java2.jpg,vehicle_java2.jpg,14200830435,96,929.2370833,226.4195833,856,216,116,16,currentSpeed,12,class->block->decl_stmt->decl->name,70,3,4,A
27750,2,78,vehicle_java2.jpg,vehicle_java2.jpg,14200982438,148,932.2032432,228.1462162,856,216,116,16,currentSpeed,12,class->block->decl_stmt->decl->name,70,3,4,A
27751,2,78,vehicle_java2.jpg,vehicle_java2.jpg,14202130391,92,1060.362609,258.0095652,1068,268,6,20,",",1,class->block->constructor->parameter_list,70,4,9,A
27752,2,78,vehicle_java2.jpg,vehicle_java2.jpg,14203406194,140,799.0697142999999,256.8117143,778,268,69,20,Vehicle,7,class->block->constructor->name,70,4,2,A
27753,2,78,vehicle_java2.jpg,vehicle_java2.jpg,14203542192,132,801.1578787999999,275.5687879,778,268,69,20,Vehicle,7,class->block->constructor->name,70,4,2,A
27754,2,78,vehicle_java2.jpg,vehicle_java2.jpg,14204134191,168,835.937381,284.1638095,778,268,69,20,Vehicle,7,class->block->constructor->name,70,4,2,A
27755,2,78,vehicle_java2.jpg,vehicle_java2.jpg,14204494868,300,877.5642667000001,287.2696,875,268,58,20,String,6,class->block->constructor->parameter_list->parameter->decl->type->name,70,4,4,A
27756,2,78,vehicle_java2.jpg,vehicle_java2.jpg,14204886000,164,796.7163415,331.1356098,772,343,88,16,this.type,9,class->block->constructor->block->block_content->expr_stmt->expr->name->name->operator->name,70,6,1,A
27757,2,78,vehicle_java2.jpg,vehicle_java2.jpg,14205090084,72,845.1772222000001,347.3616667,772,343,88,16,this.type,9,class->block->constructor->block->block_content->expr_stmt->expr->name->name->operator->name,70,6,1,A
27758,2,78,vehicle_java2.jpg,vehicle_java2.jpg,14205434055,204,899.2686275000001,332.4254902,907,343,7,16,;,1,class->block->constructor->block->block_content->expr_stmt,70,6,4,A
27759,2,78,vehicle_java2.jpg,vehicle_java2.jpg,14205570009,96,811.09875,370.87125,772,379,126,16,this.topSpeed,13,class->block->constructor->block->block_content->expr_stmt->expr->name->name->operator->name,70,7,1,A
27760,2,78,vehicle_java2.jpg,vehicle_java2.jpg,14206061960,108,879.3303704,347.452963,887,343,10,16,t,1,class->block->constructor->block->block_content->expr_stmt->expr->name->name,70,6,3,A
27761,2,78,vehicle_java2.jpg,vehicle_java2.jpg,14206229895,72,868.5616667000002,357.38055560000004,867,343,11,16,=,1,class->block->constructor->block->block_content->expr_stmt->expr->operator,70,6,2,A
27762,2,78,vehicle_java2.jpg,vehicle_java2.jpg,14206301910,68,875.7717647,352.72588239999993,867,343,11,16,=,1,class->block->constructor->block->block_content->expr_stmt->expr->operator,70,6,2,A
27763,2,78,vehicle_java2.jpg,vehicle_java2.jpg,14206301910,68,875.7717647,352.72588239999993,887,343,10,16,t,1,class->block->constructor->block->block_content->expr_stmt->expr->name->name,70,6,3,A
27764,2,78,vehicle_java2.jpg,vehicle_java2.jpg,14207033933,176,809.8140909,381.9775,772,379,126,16,this.topSpeed,13,class->block->constructor->block->block_content->expr_stmt->expr->name->name->operator->name,70,7,1,A
27765,2,78,vehicle_java2.jpg,vehicle_java2.jpg,14207105906,68,807.1694118,379.3241176,772,379,126,16,this.topSpeed,13,class->block->constructor->block->block_content->expr_stmt->expr->name->name->operator->name,70,7,1,A
27766,2,78,vehicle_java2.jpg,vehicle_java2.jpg,14207185872,56,879.7957142999999,389.51,772,379,126,16,this.topSpeed,13,class->block->constructor->block->block_content->expr_stmt->expr->name->name->operator->name,70,7,1,A
27767,2,78,vehicle_java2.jpg,vehicle_java2.jpg,14207249847,60,884.668,406.4506667,772,415,164,16,this.currentSpeed,17,class->block->constructor->block->block_content->expr_stmt->expr->name->name->operator->name,70,8,1,A
27768,2,78,vehicle_java2.jpg,vehicle_java2.jpg,14207717777,72,963.1694444,402.98555560000005,964,415,10,16,0,1,class->block->constructor->block->block_content->expr_stmt->expr->literal,70,8,3,A
27769,2,78,vehicle_java2.jpg,vehicle_java2.jpg,14210713671,92,838.1373913,507.06,817,506,97,16,accelerate,10,class->block->function->name,70,10,3,A
27770,2,78,vehicle_java2.jpg,vehicle_java2.jpg,14210921684,68,798.29,500.6011765,779,506,29,16,int,3,class->block->function->type->name,70,10,2,A
27771,2,78,vehicle_java2.jpg,vehicle_java2.jpg,14211097718,172,801.8211627999999,519.1895348999999,779,506,29,16,int,3,class->block->function->type->name,70,10,2,A
27772,2,78,vehicle_java2.jpg,vehicle_java2.jpg,14211329669,192,899.358125,506.6429167,817,506,97,16,accelerate,10,class->block->function->name,70,10,3,A
27773,2,78,vehicle_java2.jpg,vehicle_java2.jpg,14211557660,188,860.1931914999999,510.4725532,817,506,97,16,accelerate,10,class->block->function->name,70,10,3,A
27774,2,78,vehicle_java2.jpg,vehicle_java2.jpg,14211853851,80,852.8795,498.6625,817,506,97,16,accelerate,10,class->block->function->name,70,10,3,A
27775,2,78,vehicle_java2.jpg,vehicle_java2.jpg,14211929913,72,853.8066667000002,508.4111111,817,506,97,16,accelerate,10,class->block->function->name,70,10,3,A
27776,2,78,vehicle_java2.jpg,vehicle_java2.jpg,14212057780,60,883.9866667000001,515.5073333,817,506,97,16,accelerate,10,class->block->function->name,70,10,3,A
27777,2,78,vehicle_java2.jpg,vehicle_java2.jpg,14212249548,84,1017.451905,505.482381,1020,506,6,16,),1,class->block->function->parameter_list,70,10,7,A
27778,2,78,vehicle_java2.jpg,vehicle_java2.jpg,14212409535,76,1014.591053,514.3031579,1020,506,6,16,),1,class->block->function->parameter_list,70,10,7,A
27779,2,78,vehicle_java2.jpg,vehicle_java2.jpg,14213325904,56,868.2957142999999,552.3721429,839,540,164,20,this.currentSpeed,17,class->block->function->block->block_content->if_stmt->if->condition->expr->name->name->operator->name,70,11,4,A
27780,2,78,vehicle_java2.jpg,vehicle_java2.jpg,14213905138,88,1041.161818,555.6077273,1031,540,30,20,kmh,3,class->block->function->block->block_content->if_stmt->if->condition->expr->name,70,11,6,A
27781,2,78,vehicle_java2.jpg,vehicle_java2.jpg,14214361408,64,888.376875,532.885,839,540,164,20,this.currentSpeed,17,class->block->function->block->block_content->if_stmt->if->condition->expr->name->name->operator->name,70,11,4,A
27782,2,78,vehicle_java2.jpg,vehicle_java2.jpg,14214817927,204,954.6278431,546.2319607999999,839,540,164,20,this.currentSpeed,17,class->block->function->block->block_content->if_stmt->if->condition->expr->name->name->operator->name,70,11,4,A
27783,2,78,vehicle_java2.jpg,vehicle_java2.jpg,14215217455,72,1095.55,555.1738889,1089,540,10,20,>,1,class->block->function->block->block_content->if_stmt->if->condition->expr->operator,70,11,8,A
27784,2,78,vehicle_java2.jpg,vehicle_java2.jpg,14215217455,72,1095.55,555.1738889,1108,540,126,20,this.topSpeed,13,class->block->function->block->block_content->if_stmt->if->condition->expr->name->name->operator->name,70,11,9,A
27785,2,78,vehicle_java2.jpg,vehicle_java2.jpg,14215289452,68,1093.454706,555.6764706,1089,540,10,20,>,1,class->block->function->block->block_content->if_stmt->if->condition->expr->operator,70,11,8,A
27786,2,78,vehicle_java2.jpg,vehicle_java2.jpg,14215361433,68,1093.855294,539.0582352999999,1089,540,10,20,>,1,class->block->function->block->block_content->if_stmt->if->condition->expr->operator,70,11,8,A
27787,2,78,vehicle_java2.jpg,vehicle_java2.jpg,14215677252,268,1083.127761,547.0965672,1089,540,10,20,>,1,class->block->function->block->block_content->if_stmt->if->condition->expr->operator,70,11,8,A
27788,2,78,vehicle_java2.jpg,vehicle_java2.jpg,14215813292,84,1138.31381,549.2385714,1108,540,126,20,this.topSpeed,13,class->block->function->block->block_content->if_stmt->if->condition->expr->name->name->operator->name,70,11,9,A
27789,2,78,vehicle_java2.jpg,vehicle_java2.jpg,14216049392,68,1014.458235,497.0711765,1020,506,6,16,),1,class->block->function->parameter_list,70,10,7,A
27790,2,78,vehicle_java2.jpg,vehicle_java2.jpg,14216241308,96,915.8883333,512.6316667,926,506,6,16,(,1,class->block->function->parameter_list,70,10,4,A
27791,2,78,vehicle_java2.jpg,vehicle_java2.jpg,14216381386,136,912.6735294,501.2047059,817,506,97,16,accelerate,10,class->block->function->name,70,10,3,A
27792,2,78,vehicle_java2.jpg,vehicle_java2.jpg,14216533400,64,992.2625,514.45625,981,506,29,16,kmh,3,class->block->function->parameter_list->parameter->decl->name,70,10,6,A
27793,2,78,vehicle_java2.jpg,vehicle_java2.jpg,14217593093,96,964.5633332999998,502.26083330000006,942,506,29,16,int,3,class->block->function->parameter_list->parameter->decl->type->name,70,10,5,A
27794,2,78,vehicle_java2.jpg,vehicle_java2.jpg,14217821042,188,964.1355319,507.3989362,942,506,29,16,int,3,class->block->function->parameter_list->parameter->decl->type->name,70,10,5,A
27795,2,78,vehicle_java2.jpg,vehicle_java2.jpg,14218621160,184,815.16,621.5954347999999,791,616,39,14,else,4,class->block->function->block->block_content->if_stmt->else,70,13,2,A
27796,2,78,vehicle_java2.jpg,vehicle_java2.jpg,14218913140,76,898.8810526000001,650.2668421,832,651,164,16,this.currentSpeed,17,class->block->function->block->block_content->if_stmt->else->block->block_content->expr_stmt->expr->name->name->operator->name,70,14,1,A
27797,2,78,vehicle_java2.jpg,vehicle_java2.jpg,14218997093,80,876.0355,644.5475,832,651,164,16,this.currentSpeed,17,class->block->function->block->block_content->if_stmt->else->block->block_content->expr_stmt->expr->name->name->operator->name,70,14,1,A
27798,2,78,vehicle_java2.jpg,vehicle_java2.jpg,14219073049,72,883.3838889,660.5233333,832,651,164,16,this.currentSpeed,17,class->block->function->block->block_content->if_stmt->else->block->block_content->expr_stmt->expr->name->name->operator->name,70,14,1,A
27799,2,78,vehicle_java2.jpg,vehicle_java2.jpg,14219133039,56,866.0057142999999,665.7135714,832,651,164,16,this.currentSpeed,17,class->block->function->block->block_content->if_stmt->else->block->block_content->expr_stmt->expr->name->name->operator->name,70,14,1,A
27800,2,78,vehicle_java2.jpg,vehicle_java2.jpg,14219193043,56,876.8157143,664.0235713999999,832,651,164,16,this.currentSpeed,17,class->block->function->block->block_content->if_stmt->else->block->block_content->expr_stmt->expr->name->name->operator->name,70,14,1,A
27801,2,78,vehicle_java2.jpg,vehicle_java2.jpg,14219904997,76,1237.186316,653.6794737,1216,651,30,16,kmh,3,class->block->function->block->block_content->if_stmt->else->block->block_content->expr_stmt->expr->name,70,14,5,A
27802,2,78,vehicle_java2.jpg,vehicle_java2.jpg,14220625004,68,1054.165882,657.6270588,1024,651,164,16,this.currentSpeed,17,class->block->function->block->block_content->if_stmt->else->block->block_content->expr_stmt->expr->name->name->operator->name,70,14,3,A
27803,2,78,vehicle_java2.jpg,vehicle_java2.jpg,14221276870,152,1259.145526,651.1660526000001,1255,651,7,16,;,1,class->block->function->block->block_content->if_stmt->else->block->block_content->expr_stmt,70,14,6,A
27804,2,78,vehicle_java2.jpg,vehicle_java2.jpg,14221336814,56,1258.295,659.6578571,1255,651,7,16,;,1,class->block->function->block->block_content->if_stmt->else->block->block_content->expr_stmt,70,14,6,A
27805,2,78,vehicle_java2.jpg,vehicle_java2.jpg,14221404799,64,1253.819375,656.481875,1255,651,7,16,;,1,class->block->function->block->block_content->if_stmt->else->block->block_content->expr_stmt,70,14,6,A
27806,2,78,vehicle_java2.jpg,vehicle_java2.jpg,14222124870,112,916.2446429,735.5639286,839,722,164,18,this.currentSpeed,17,class->block->function->block->block_content->return->expr->name->name->operator->name,70,16,2,A
27807,2,78,vehicle_java2.jpg,vehicle_java2.jpg,14222208867,80,918.554,736.6275,839,722,164,18,this.currentSpeed,17,class->block->function->block->block_content->return->expr->name->name->operator->name,70,16,2,A
27808,2,78,vehicle_java2.jpg,vehicle_java2.jpg,14222340879,76,768.1531579,827.0610526,711,812,59,18,public,6,class->block->function->type->specifier,70,18,1,A
27809,2,78,vehicle_java2.jpg,vehicle_java2.jpg,14222340879,76,768.1531579,827.0610526,779,812,58,18,static,6,class->block->function->type->specifier,70,18,2,A
27810,2,78,vehicle_java2.jpg,vehicle_java2.jpg,14222488854,144,763.7947222,826.1766667,711,812,59,18,public,6,class->block->function->type->specifier,70,18,1,A
27811,2,78,vehicle_java2.jpg,vehicle_java2.jpg,14222788820,188,858.5948936000001,851.1868085000001,848,850,11,15,v,1,class->block->function->block->block_content->decl_stmt->decl->name,70,19,2,A
27812,2,78,vehicle_java2.jpg,vehicle_java2.jpg,14222788820,188,858.5948936000001,851.1868085000001,867,850,11,15,=,1,class->block->function->block->block_content->decl_stmt->decl->init,70,19,3,A
27813,2,78,vehicle_java2.jpg,vehicle_java2.jpg,14223056904,216,920.8064815,857.6383332999999,924,850,69,15,Vehicle,7,class->block->function->block->block_content->decl_stmt->decl->init->expr->call->name,70,19,5,A
27814,2,78,vehicle_java2.jpg,vehicle_java2.jpg,14223188850,80,1038.8975,862.262,1022,850,57,15,"""Audi""",6,class->block->function->block->block_content->decl_stmt->decl->init->expr->call->argument_list->argument->expr->literal,70,19,7,A
27815,2,78,vehicle_java2.jpg,vehicle_java2.jpg,14223280796,88,1026.2813640000002,854.8554545,1022,850,57,15,"""Audi""",6,class->block->function->block->block_content->decl_stmt->decl->init->expr->call->argument_list->argument->expr->literal,70,19,7,A
27816,2,78,vehicle_java2.jpg,vehicle_java2.jpg,14223432779,60,998.066,858.7766667000001,1006,850,5,15,(,1,class->block->function->block->block_content->decl_stmt->decl->init->expr->call->argument_list,70,19,6,A
27817,2,78,vehicle_java2.jpg,vehicle_java2.jpg,14223608716,76,811.4310526,877.8389473999999,771,888,116,15,v.accelerate,12,class->block->function->block->block_content->expr_stmt->expr->call->name->name->operator->name,70,20,1,A
27818,2,78,vehicle_java2.jpg,vehicle_java2.jpg,14223696686,84,812.937619,886.1204762,771,888,116,15,v.accelerate,12,class->block->function->block->block_content->expr_stmt->expr->call->name->name->operator->name,70,20,1,A
27819,2,78,vehicle_java2.jpg,vehicle_java2.jpg,14224012733,60,894.2206667000002,901.2873333,900,888,5,15,(,1,class->block->function->block->block_content->expr_stmt->expr->call->argument_list,70,20,2,A
27820,2,78,vehicle_java2.jpg,vehicle_java2.jpg,14227136252,280,747.7687142999999,146.6592857,719,143,48,16,class,5,class,70,1,2,A
27821,2,78,vehicle_java2.jpg,vehicle_java2.jpg,14227936604,112,833.2932142999999,146.5935714,776,143,68,16,Vehicle,7,class->name,70,1,3,A
27822,2,78,vehicle_java2.jpg,vehicle_java2.jpg,14228032773,92,835.7234783,141.80043480000003,776,143,68,16,Vehicle,7,class->name,70,1,3,A
27823,2,78,vehicle_java2.jpg,vehicle_java2.jpg,14228648421,88,866.5490909,565.6395455,832,577,164,17,this.currentSpeed,17,class->block->function->block->block_content->if_stmt->if->block->block_content->expr_stmt->expr->name->name->operator->name,70,12,1,A
27824,2,78,vehicle_java2.jpg,vehicle_java2.jpg,14228748360,96,860.5108332999998,581.45625,832,577,164,17,this.currentSpeed,17,class->block->function->block->block_content->if_stmt->if->block->block_content->expr_stmt->expr->name->name->operator->name,70,12,1,A
